order_id,customer_id,order_date,product_category,order_amount,discount_used,is_high_value_item,platform,device_type,payment_method,shipping_carrier,tracking_number_valid,address_change_before_delivery
ORD000001,CUST00001,2024-10-08,Books,164.09,1,0,Mobile App,MacBook,Gift Card,USPS,1,0
ORD000002,CUST00001,2025-08-20,Beauty,78.81,0,0,Tablet App,Android,Debit Card,FedEx,1,0
ORD000003,CUST00001,2024-01-28,Books,134.11,0,0,Mobile App,iPad,Credit Card,DHL,1,0
ORD000004,CUST00001,2024-10-25,Home & Kitchen,77.0,1,0,Mobile App,Windows PC,Gift Card,FedEx,1,1
ORD000005,CUST00002,2024-12-25,Furniture,12.06,1,0,Tablet App,MacBook,PayPal,OnTrac,1,0
ORD000006,CUST00002,2025-08-10,Beauty,249.47,0,0,Tablet App,Windows PC,Buy Now Pay Later,UPS,1,0
ORD000007,CUST00002,2024-05-24,Electronics,102.34,1,0,Tablet App,Android,Gift Card,FedEx,1,0
ORD000008,CUST00002,2025-06-08,Shoes,78.31,1,0,Mobile App,Android,Debit Card,DHL,1,0
ORD000009,CUST00003,2024-10-08,Beauty,89.41,1,0,Tablet App,Windows PC,Crypto,OnTrac,1,0
ORD000010,CUST00003,2024-03-15,Jewelry,5.0,0,0,Mobile App,iPad,Crypto,USPS,1,0
ORD000011,CUST00003,2024-12-20,Toys,138.49,1,0,Mobile App,iPad,Buy Now Pay Later,UPS,1,0
ORD000012,CUST00003,2025-07-14,Electronics,112.87,0,0,Mobile App,Android,Buy Now Pay Later,OnTrac,1,0
ORD000013,CUST00004,2024-02-12,Books,233.14,0,0,Tablet App,Android,Crypto,UPS,0,0
ORD000014,CUST00004,2024-06-28,Tools,120.72,1,0,Web Browser,Windows PC,Crypto,FedEx,1,0
ORD000015,CUST00004,2025-05-19,Tools,150.36,0,0,Web Browser,iPad,Buy Now Pay Later,FedEx,0,0
ORD000016,CUST00004,2024-09-04,Home & Kitchen,117.89,1,0,Tablet App,Windows PC,PayPal,OnTrac,0,0
ORD000017,CUST00004,2025-03-14,Jewelry,240.2,0,0,Mobile App,Android,Credit Card,DHL,0,1
ORD000018,CUST00004,2024-09-18,Beauty,92.83,1,0,Web Browser,Windows PC,Crypto,FedEx,0,1
ORD000019,CUST00004,2024-12-20,Home & Kitchen,205.46,0,0,Web Browser,iPhone,PayPal,USPS,0,0
ORD000020,CUST00004,2024-05-10,Grocery,78.99,1,0,Tablet App,Windows PC,Crypto,USPS,0,0
ORD000021,CUST00004,2025-05-27,Jewelry,16.93,1,0,Mobile App,MacBook,Crypto,FedEx,0,0
ORD000022,CUST00004,2024-09-18,Furniture,5.0,1,0,Mobile App,Android,Credit Card,UPS,1,0
ORD000023,CUST00005,2024-07-22,Jewelry,98.81,0,0,Mobile App,MacBook,Gift Card,FedEx,1,0
ORD000024,CUST00005,2024-11-17,Books,91.78,0,0,Tablet App,Android,Credit Card,DHL,1,0
ORD000025,CUST00005,2024-03-29,Clothing,96.77,0,0,Web Browser,iPhone,Crypto,OnTrac,1,0
ORD000026,CUST00005,2025-03-13,Home & Kitchen,38.51,0,0,Web Browser,MacBook,Gift Card,FedEx,1,0
ORD000027,CUST00005,2024-11-05,Jewelry,66.63,1,0,Web Browser,Android,Buy Now Pay Later,DHL,1,0
ORD000028,CUST00005,2025-07-19,Books,43.02,0,0,Web Browser,Android,PayPal,FedEx,1,0
ORD000029,CUST00006,2024-07-22,Beauty,177.32,1,0,Tablet App,iPad,PayPal,DHL,1,0
ORD000030,CUST00006,2025-08-15,Shoes,16.36,0,0,Mobile App,MacBook,Gift Card,UPS,1,0
ORD000031,CUST00006,2024-02-19,Sports,166.31,1,0,Mobile App,MacBook,Gift Card,DHL,1,0
ORD000032,CUST00006,2024-06-26,Furniture,102.79,1,0,Tablet App,iPhone,Gift Card,FedEx,1,0
ORD000033,CUST00006,2024-10-04,Beauty,86.06,0,0,Mobile App,Android,Gift Card,FedEx,1,0
ORD000034,CUST00006,2025-03-07,Shoes,5.0,0,0,Tablet App,iPad,PayPal,OnTrac,1,0
ORD000035,CUST00007,2024-11-04,Sports,115.66,0,0,Web Browser,Android,Credit Card,DHL,1,0
ORD000036,CUST00007,2025-05-10,Sports,73.36,0,0,Tablet App,MacBook,Credit Card,UPS,1,0
ORD000037,CUST00007,2024-04-11,Furniture,106.05,1,0,Mobile App,iPad,Debit Card,OnTrac,1,0
ORD000038,CUST00008,2024-03-08,Tools,47.34,1,0,Web Browser,Windows PC,PayPal,FedEx,0,0
ORD000039,CUST00008,2025-07-10,Shoes,10.91,0,0,Tablet App,Windows PC,Gift Card,FedEx,1,0
ORD000040,CUST00008,2024-07-06,Jewelry,124.47,0,0,Tablet App,iPhone,Crypto,FedEx,1,0
ORD000041,CUST00008,2025-08-19,Jewelry,5.0,0,0,Tablet App,iPad,Credit Card,OnTrac,1,0
ORD000042,CUST00008,2025-01-31,Shoes,5.0,1,0,Tablet App,iPad,PayPal,USPS,1,0
ORD000043,CUST00008,2024-12-23,Sports,32.05,0,0,Mobile App,MacBook,Crypto,OnTrac,1,0
ORD000044,CUST00009,2024-10-25,Tools,128.24,1,0,Web Browser,MacBook,PayPal,DHL,0,1
ORD000045,CUST00009,2024-08-28,Home & Kitchen,70.26,0,0,Web Browser,Android,Crypto,OnTrac,1,0
ORD000046,CUST00009,2024-11-01,Shoes,80.47,0,0,Web Browser,iPhone,Debit Card,DHL,1,0
ORD000047,CUST00009,2024-05-07,Shoes,61.17,0,0,Mobile App,MacBook,Crypto,OnTrac,1,0
ORD000048,CUST00009,2024-03-04,Furniture,225.25,0,0,Mobile App,iPhone,Crypto,FedEx,1,0
ORD000049,CUST00010,2025-03-11,Home & Kitchen,158.28,0,0,Mobile App,iPhone,Debit Card,USPS,1,0
ORD000050,CUST00010,2025-08-06,Toys,172.57,0,0,Tablet App,iPhone,PayPal,USPS,1,0
ORD000051,CUST00010,2024-08-02,Jewelry,172.26,0,0,Web Browser,Android,PayPal,OnTrac,1,0
ORD000052,CUST00011,2024-04-01,Books,181.39,1,0,Mobile App,iPhone,PayPal,UPS,1,0
ORD000053,CUST00011,2024-08-09,Tools,116.38,0,0,Tablet App,Android,PayPal,UPS,1,0
ORD000054,CUST00012,2025-06-01,Tools,150.32,0,0,Tablet App,iPad,Debit Card,FedEx,1,0
ORD000055,CUST00012,2024-12-29,Home & Kitchen,212.6,1,0,Web Browser,Windows PC,Crypto,UPS,1,0
ORD000056,CUST00013,2024-07-28,Shoes,63.07,0,0,Web Browser,iPad,Gift Card,DHL,1,0
ORD000057,CUST00014,2024-02-13,Jewelry,175.72,0,0,Tablet App,iPad,Buy Now Pay Later,USPS,1,0
ORD000058,CUST00014,2025-04-03,Furniture,117.56,0,0,Tablet App,Android,Buy Now Pay Later,USPS,1,0
ORD000059,CUST00014,2024-11-17,Clothing,85.97,0,0,Tablet App,iPad,Crypto,DHL,1,0
ORD000060,CUST00014,2025-04-06,Beauty,87.02,0,0,Tablet App,iPad,Credit Card,OnTrac,1,0
ORD000061,CUST00014,2024-12-30,Beauty,170.94,1,0,Web Browser,Windows PC,PayPal,UPS,1,0
ORD000062,CUST00014,2025-02-23,Jewelry,181.42,0,0,Web Browser,iPad,Gift Card,DHL,1,0
ORD000063,CUST00015,2024-03-25,Shoes,167.91,0,0,Mobile App,Android,Credit Card,OnTrac,1,0
ORD000064,CUST00015,2024-03-20,Jewelry,259.86,0,0,Web Browser,iPhone,Crypto,DHL,1,0
ORD000065,CUST00015,2024-07-18,Tools,72.38,1,0,Tablet App,Android,Debit Card,UPS,1,0
ORD000066,CUST00015,2024-10-02,Grocery,60.09,0,0,Mobile App,Windows PC,Buy Now Pay Later,DHL,1,0
ORD000067,CUST00015,2024-09-04,Electronics,153.44,0,0,Web Browser,Android,Debit Card,FedEx,1,0
ORD000068,CUST00015,2025-07-21,Shoes,10.4,0,0,Tablet App,iPad,Credit Card,FedEx,1,0
ORD000069,CUST00016,2025-03-30,Books,55.35,0,0,Tablet App,iPhone,Credit Card,USPS,1,0
ORD000070,CUST00016,2024-07-28,Furniture,351.45,0,1,Mobile App,iPhone,PayPal,UPS,1,0
ORD000071,CUST00016,2024-05-02,Home & Kitchen,117.34,1,0,Web Browser,Android,Buy Now Pay Later,FedEx,1,0
ORD000072,CUST00017,2025-01-16,Clothing,149.36,1,0,Tablet App,iPhone,Crypto,DHL,1,0
ORD000073,CUST00017,2024-06-06,Toys,238.5,0,0,Web Browser,iPad,PayPal,FedEx,1,0
ORD000074,CUST00018,2024-04-30,Tools,214.98,0,0,Tablet App,Android,Gift Card,DHL,1,0
ORD000075,CUST00018,2025-07-17,Jewelry,123.22,1,0,Web Browser,iPhone,Debit Card,DHL,1,0
ORD000076,CUST00018,2024-11-03,Furniture,126.16,0,0,Mobile App,Android,Debit Card,DHL,1,0
ORD000077,CUST00018,2024-09-02,Home & Kitchen,227.02,0,0,Mobile App,Windows PC,Gift Card,USPS,1,0
ORD000078,CUST00018,2024-01-10,Electronics,5.0,1,0,Web Browser,iPad,Debit Card,DHL,1,0
ORD000079,CUST00019,2025-04-29,Home & Kitchen,186.29,1,0,Mobile App,MacBook,Credit Card,OnTrac,1,0
ORD000080,CUST00019,2024-02-29,Toys,177.04,0,0,Tablet App,Android,Crypto,DHL,1,0
ORD000081,CUST00019,2025-08-05,Clothing,37.85,0,0,Web Browser,Android,Crypto,UPS,1,0
ORD000082,CUST00019,2024-11-08,Toys,214.31,1,0,Tablet App,iPhone,Crypto,DHL,1,0
ORD000083,CUST00019,2024-01-09,Grocery,105.53,1,0,Mobile App,iPhone,Gift Card,USPS,1,0
ORD000084,CUST00019,2024-05-04,Sports,152.29,1,0,Mobile App,MacBook,Gift Card,USPS,1,0
ORD000085,CUST00019,2025-03-07,Shoes,60.4,0,0,Tablet App,MacBook,Credit Card,USPS,1,0
ORD000086,CUST00019,2024-02-27,Tools,99.71,0,0,Web Browser,iPhone,Credit Card,FedEx,0,1
ORD000087,CUST00020,2025-06-30,Shoes,57.09,1,0,Tablet App,iPhone,Buy Now Pay Later,UPS,1,0
ORD000088,CUST00020,2024-04-16,Clothing,16.4,0,0,Mobile App,Android,PayPal,UPS,1,0
ORD000089,CUST00020,2024-08-28,Beauty,252.37,0,0,Web Browser,Windows PC,Buy Now Pay Later,FedEx,1,0
ORD000090,CUST00020,2025-08-07,Home & Kitchen,100.77,1,0,Web Browser,MacBook,Credit Card,USPS,1,0
ORD000091,CUST00020,2025-02-11,Shoes,37.94,0,0,Tablet App,iPhone,Gift Card,USPS,1,0
ORD000092,CUST00021,2024-05-04,Toys,115.54,1,0,Mobile App,iPad,PayPal,USPS,1,0
ORD000093,CUST00021,2025-06-26,Electronics,125.33,0,0,Mobile App,Windows PC,PayPal,UPS,1,0
ORD000094,CUST00021,2024-11-22,Books,52.62,0,0,Web Browser,iPad,Debit Card,USPS,1,0
ORD000095,CUST00021,2024-09-23,Beauty,5.0,0,0,Tablet App,Android,Gift Card,OnTrac,1,0
ORD000096,CUST00022,2025-01-19,Toys,159.36,0,0,Web Browser,iPhone,Buy Now Pay Later,USPS,1,0
ORD000097,CUST00022,2024-02-23,Grocery,124.11,0,0,Web Browser,MacBook,Credit Card,FedEx,1,0
ORD000098,CUST00022,2025-07-10,Books,5.0,1,0,Mobile App,iPhone,Crypto,UPS,1,0
ORD000099,CUST00022,2025-06-20,Shoes,47.27,1,0,Tablet App,iPhone,PayPal,FedEx,0,0
ORD000100,CUST00023,2024-04-22,Home & Kitchen,112.77,0,0,Web Browser,iPad,Debit Card,UPS,1,0
ORD000101,CUST00023,2024-02-26,Grocery,277.65,0,0,Web Browser,Windows PC,Gift Card,UPS,1,0
ORD000102,CUST00023,2024-05-22,Beauty,140.4,1,0,Mobile App,iPad,Buy Now Pay Later,OnTrac,1,0
ORD000103,CUST00023,2024-09-03,Beauty,145.61,0,0,Web Browser,Android,Debit Card,UPS,1,0
ORD000104,CUST00023,2025-02-28,Home & Kitchen,5.0,1,0,Tablet App,Windows PC,Crypto,OnTrac,1,0
ORD000105,CUST00023,2025-01-04,Furniture,249.99,0,0,Tablet App,MacBook,Buy Now Pay Later,UPS,1,0
ORD000106,CUST00023,2024-08-08,Tools,59.2,1,0,Web Browser,MacBook,Gift Card,OnTrac,1,0
ORD000107,CUST00023,2025-05-17,Tools,302.52,1,1,Mobile App,Windows PC,PayPal,DHL,1,0
ORD000108,CUST00024,2025-02-03,Home & Kitchen,165.87,0,0,Tablet App,iPhone,PayPal,UPS,1,0
ORD000109,CUST00024,2024-09-25,Clothing,5.0,0,0,Web Browser,iPad,Crypto,UPS,1,0
ORD000110,CUST00024,2024-11-21,Books,274.37,0,0,Tablet App,Android,Crypto,OnTrac,1,0
ORD000111,CUST00024,2025-02-22,Furniture,117.06,1,0,Tablet App,iPad,PayPal,USPS,1,0
ORD000112,CUST00024,2025-02-11,Home & Kitchen,114.82,0,0,Web Browser,MacBook,Buy Now Pay Later,UPS,1,0
ORD000113,CUST00025,2025-01-02,Clothing,5.0,0,0,Mobile App,Windows PC,Gift Card,UPS,1,0
ORD000114,CUST00025,2025-01-09,Tools,58.84,1,0,Web Browser,MacBook,Credit Card,OnTrac,1,0
ORD000115,CUST00025,2025-04-23,Grocery,5.0,0,0,Tablet App,Windows PC,PayPal,USPS,1,0
ORD000116,CUST00025,2025-03-23,Sports,62.11,1,0,Web Browser,iPad,Credit Card,FedEx,1,0
ORD000117,CUST00025,2025-07-21,Books,5.0,0,0,Tablet App,iPhone,Gift Card,DHL,1,0
ORD000118,CUST00025,2025-02-22,Shoes,206.13,1,0,Tablet App,Windows PC,PayPal,USPS,1,0
ORD000119,CUST00026,2024-11-27,Jewelry,55.53,0,0,Tablet App,iPhone,Credit Card,USPS,1,0
ORD000120,CUST00026,2025-08-14,Books,145.17,1,0,Mobile App,Windows PC,PayPal,DHL,1,0
ORD000121,CUST00027,2025-02-13,Shoes,262.02,0,0,Mobile App,MacBook,PayPal,FedEx,1,1
ORD000122,CUST00027,2024-09-10,Books,140.04,1,0,Mobile App,MacBook,Debit Card,USPS,0,0
ORD000123,CUST00027,2024-03-13,Sports,7.22,1,0,Web Browser,Windows PC,Buy Now Pay Later,FedEx,0,0
ORD000124,CUST00028,2024-11-03,Sports,157.9,1,0,Web Browser,Windows PC,Credit Card,FedEx,1,0
ORD000125,CUST00029,2024-05-26,Toys,157.93,0,0,Mobile App,Windows PC,Gift Card,DHL,1,0
ORD000126,CUST00029,2025-01-04,Shoes,109.7,1,0,Tablet App,Windows PC,Credit Card,UPS,1,0
ORD000127,CUST00029,2025-03-07,Tools,130.62,0,0,Tablet App,Windows PC,Gift Card,FedEx,1,0
ORD000128,CUST00029,2024-04-05,Grocery,110.3,1,0,Tablet App,iPad,Credit Card,USPS,1,0
ORD000129,CUST00029,2024-12-20,Home & Kitchen,21.9,1,0,Mobile App,MacBook,PayPal,OnTrac,1,0
ORD000130,CUST00030,2024-10-03,Jewelry,179.36,1,0,Tablet App,Windows PC,Debit Card,OnTrac,1,0
ORD000131,CUST00030,2025-04-18,Furniture,75.65,0,0,Tablet App,MacBook,Credit Card,FedEx,1,0
ORD000132,CUST00031,2024-10-25,Tools,79.44,0,0,Mobile App,MacBook,Crypto,OnTrac,1,0
ORD000133,CUST00031,2025-08-18,Furniture,7.53,0,0,Web Browser,MacBook,PayPal,OnTrac,1,0
ORD000134,CUST00032,2024-08-13,Beauty,157.03,1,0,Web Browser,iPad,Debit Card,USPS,1,0
ORD000135,CUST00032,2024-06-27,Tools,37.65,1,0,Web Browser,Android,Gift Card,UPS,1,0
ORD000136,CUST00032,2025-06-15,Home & Kitchen,74.24,0,0,Mobile App,Android,PayPal,OnTrac,1,0
ORD000137,CUST00032,2024-05-30,Shoes,72.3,0,0,Mobile App,Windows PC,Credit Card,OnTrac,1,0
ORD000138,CUST00032,2024-06-30,Toys,250.27,0,0,Tablet App,iPad,Gift Card,OnTrac,1,0
ORD000139,CUST00033,2025-03-07,Sports,79.23,0,0,Tablet App,MacBook,Debit Card,OnTrac,1,0
ORD000140,CUST00033,2025-06-27,Shoes,73.64,1,0,Web Browser,iPhone,Credit Card,OnTrac,1,0
ORD000141,CUST00033,2024-06-17,Books,15.94,1,0,Web Browser,Android,Buy Now Pay Later,UPS,0,0
ORD000142,CUST00034,2024-06-12,Sports,150.83,0,0,Mobile App,Android,Buy Now Pay Later,FedEx,1,0
ORD000143,CUST00035,2024-04-29,Books,178.34,1,0,Web Browser,Android,Debit Card,FedEx,1,0
ORD000144,CUST00035,2024-07-15,Toys,5.0,0,0,Mobile App,Android,PayPal,FedEx,1,0
ORD000145,CUST00035,2024-09-01,Jewelry,45.3,0,0,Mobile App,Android,Debit Card,DHL,1,0
ORD000146,CUST00035,2025-02-22,Books,5.0,1,0,Tablet App,iPhone,Gift Card,OnTrac,1,0
ORD000147,CUST00035,2024-07-18,Electronics,5.0,1,0,Mobile App,Windows PC,Debit Card,USPS,1,0
ORD000148,CUST00036,2025-07-19,Tools,286.01,1,0,Web Browser,Android,Credit Card,UPS,1,0
ORD000149,CUST00036,2025-03-10,Sports,53.23,0,0,Tablet App,iPad,Debit Card,UPS,0,0
ORD000150,CUST00036,2025-03-26,Home & Kitchen,96.76,1,0,Web Browser,iPad,Buy Now Pay Later,UPS,1,0
ORD000151,CUST00036,2024-01-03,Beauty,228.54,0,0,Web Browser,Windows PC,Crypto,USPS,0,0
ORD000152,CUST00036,2025-03-04,Beauty,81.04,0,0,Tablet App,iPhone,Credit Card,DHL,0,1
ORD000153,CUST00037,2025-03-27,Shoes,96.29,0,0,Tablet App,Android,PayPal,OnTrac,1,0
ORD000154,CUST00037,2025-05-26,Jewelry,143.94,0,0,Web Browser,MacBook,Crypto,FedEx,1,0
ORD000155,CUST00037,2025-06-12,Furniture,112.29,1,0,Web Browser,Windows PC,Credit Card,UPS,1,0
ORD000156,CUST00037,2025-06-22,Home & Kitchen,39.46,0,0,Web Browser,iPhone,Credit Card,OnTrac,1,0
ORD000157,CUST00037,2024-12-17,Sports,239.62,1,0,Web Browser,Windows PC,PayPal,UPS,1,0
ORD000158,CUST00037,2025-04-25,Books,147.53,0,0,Mobile App,iPad,Debit Card,FedEx,1,0
ORD000159,CUST00037,2024-10-25,Electronics,283.54,1,0,Mobile App,MacBook,Credit Card,OnTrac,1,0
ORD000160,CUST00037,2025-01-26,Tools,5.0,0,0,Tablet App,Windows PC,PayPal,DHL,1,0
ORD000161,CUST00037,2024-06-20,Books,167.61,0,0,Mobile App,iPad,Credit Card,USPS,1,0
ORD000162,CUST00037,2025-05-13,Books,106.82,1,0,Mobile App,iPhone,Crypto,FedEx,1,1
ORD000163,CUST00037,2024-06-28,Furniture,5.0,0,0,Web Browser,Windows PC,PayPal,FedEx,1,0
ORD000164,CUST00037,2024-03-15,Shoes,49.7,1,0,Mobile App,iPad,Debit Card,DHL,1,0
ORD000165,CUST00038,2024-05-31,Tools,113.59,0,0,Mobile App,iPad,Crypto,OnTrac,1,0
ORD000166,CUST00038,2025-02-16,Toys,141.19,1,0,Mobile App,iPhone,Debit Card,USPS,1,0
ORD000167,CUST00038,2024-04-18,Books,65.3,0,0,Mobile App,Windows PC,Buy Now Pay Later,USPS,1,0
ORD000168,CUST00038,2025-07-31,Sports,16.61,1,0,Web Browser,iPad,Debit Card,UPS,1,0
ORD000169,CUST00039,2024-09-27,Books,167.59,0,0,Web Browser,Android,Gift Card,DHL,1,1
ORD000170,CUST00039,2025-02-15,Books,5.0,1,0,Mobile App,iPad,Credit Card,UPS,1,0
ORD000171,CUST00039,2024-05-14,Sports,53.53,0,0,Tablet App,Windows PC,Gift Card,FedEx,1,0
ORD000172,CUST00039,2024-11-15,Furniture,29.02,0,0,Mobile App,MacBook,Gift Card,FedEx,1,0
ORD000173,CUST00040,2024-11-12,Beauty,7.42,0,0,Mobile App,Android,Crypto,DHL,1,0
ORD000174,CUST00041,2025-01-09,Shoes,122.58,0,0,Tablet App,Android,Gift Card,FedEx,1,0
ORD000175,CUST00041,2024-11-06,Sports,205.9,0,0,Tablet App,Android,Gift Card,FedEx,1,0
ORD000176,CUST00041,2024-10-27,Furniture,209.29,0,0,Web Browser,MacBook,Credit Card,OnTrac,1,0
ORD000177,CUST00041,2025-07-14,Books,133.79,0,0,Web Browser,MacBook,Debit Card,UPS,1,0
ORD000178,CUST00041,2025-07-28,Grocery,216.0,1,0,Web Browser,iPhone,Buy Now Pay Later,FedEx,1,0
ORD000179,CUST00042,2025-02-08,Tools,197.13,1,0,Web Browser,iPhone,Crypto,OnTrac,1,1
ORD000180,CUST00042,2025-01-26,Home & Kitchen,32.75,1,0,Tablet App,MacBook,PayPal,USPS,0,0
ORD000181,CUST00042,2024-05-17,Jewelry,144.47,0,0,Mobile App,MacBook,PayPal,DHL,1,0
ORD000182,CUST00042,2024-08-25,Shoes,104.04,0,0,Web Browser,Android,Gift Card,UPS,1,0
ORD000183,CUST00042,2024-12-19,Beauty,91.82,1,0,Tablet App,Android,PayPal,USPS,1,0
ORD000184,CUST00042,2024-07-12,Home & Kitchen,64.02,0,0,Web Browser,MacBook,Credit Card,OnTrac,1,0
ORD000185,CUST00042,2024-09-04,Electronics,27.69,0,0,Mobile App,iPad,Debit Card,FedEx,1,0
ORD000186,CUST00042,2024-09-20,Grocery,205.64,0,0,Web Browser,MacBook,Buy Now Pay Later,UPS,1,0
ORD000187,CUST00042,2024-02-06,Jewelry,5.0,1,0,Tablet App,Android,PayPal,FedEx,1,0
ORD000188,CUST00043,2024-09-11,Toys,129.24,1,0,Web Browser,MacBook,Gift Card,OnTrac,1,0
ORD000189,CUST00043,2024-10-26,Books,178.51,1,0,Web Browser,Android,Buy Now Pay Later,USPS,1,0
ORD000190,CUST00043,2025-05-07,Clothing,128.75,1,0,Mobile App,iPad,Credit Card,OnTrac,1,0
ORD000191,CUST00043,2025-01-11,Jewelry,92.97,1,0,Mobile App,Windows PC,Crypto,USPS,1,0
ORD000192,CUST00044,2024-07-25,Home & Kitchen,209.71,0,0,Web Browser,Android,Gift Card,UPS,1,0
ORD000193,CUST00044,2025-07-10,Jewelry,86.42,1,0,Tablet App,MacBook,Credit Card,FedEx,1,0
ORD000194,CUST00045,2024-03-19,Shoes,104.67,1,0,Tablet App,Android,Credit Card,DHL,1,0
ORD000195,CUST00045,2024-04-27,Shoes,94.8,0,0,Mobile App,Android,PayPal,USPS,1,0
ORD000196,CUST00045,2025-08-21,Books,155.37,0,0,Tablet App,MacBook,PayPal,USPS,1,0
ORD000197,CUST00045,2024-01-13,Electronics,98.4,0,0,Mobile App,Android,PayPal,OnTrac,1,0
ORD000198,CUST00046,2025-06-08,Furniture,125.31,0,0,Web Browser,iPad,Crypto,FedEx,1,1
ORD000199,CUST00046,2024-01-07,Home & Kitchen,103.07,0,0,Web Browser,MacBook,PayPal,OnTrac,0,1
ORD000200,CUST00046,2024-09-03,Grocery,193.25,0,0,Web Browser,Android,Buy Now Pay Later,UPS,0,0
ORD000201,CUST00046,2024-03-08,Books,181.12,0,0,Web Browser,MacBook,Buy Now Pay Later,UPS,0,1
ORD000202,CUST00046,2025-05-14,Jewelry,98.44,0,0,Tablet App,Android,PayPal,DHL,0,0
ORD000203,CUST00046,2024-12-14,Grocery,124.06,1,0,Tablet App,iPad,Credit Card,UPS,1,0
ORD000204,CUST00046,2025-02-20,Electronics,50.76,0,0,Mobile App,iPad,Crypto,USPS,0,0
ORD000205,CUST00046,2024-09-24,Toys,131.15,0,0,Web Browser,Windows PC,Credit Card,FedEx,0,0
ORD000206,CUST00047,2024-05-08,Books,153.83,1,0,Mobile App,iPad,Crypto,USPS,1,0
ORD000207,CUST00047,2025-08-04,Jewelry,129.71,0,0,Web Browser,iPhone,Crypto,DHL,1,0
ORD000208,CUST00048,2025-03-16,Tools,5.0,0,0,Mobile App,iPhone,Debit Card,UPS,1,0
ORD000209,CUST00048,2024-10-03,Beauty,167.34,0,0,Tablet App,Android,Debit Card,USPS,1,0
ORD000210,CUST00048,2025-04-09,Books,65.19,0,0,Mobile App,iPad,Gift Card,OnTrac,1,0
ORD000211,CUST00048,2024-08-16,Clothing,221.03,0,0,Tablet App,iPhone,Crypto,OnTrac,1,0
ORD000212,CUST00048,2024-07-14,Tools,215.75,0,0,Mobile App,Windows PC,Credit Card,DHL,1,0
ORD000213,CUST00049,2024-02-01,Beauty,199.52,1,0,Mobile App,Windows PC,Buy Now Pay Later,UPS,1,0
ORD000214,CUST00049,2025-01-20,Electronics,92.61,1,0,Tablet App,Android,Debit Card,FedEx,1,0
ORD000215,CUST00049,2024-05-14,Books,115.86,1,0,Tablet App,MacBook,PayPal,USPS,1,0
ORD000216,CUST00050,2024-03-13,Grocery,15.29,0,0,Tablet App,iPad,Credit Card,OnTrac,1,0
ORD000217,CUST00050,2024-01-11,Shoes,195.39,0,0,Tablet App,iPhone,Buy Now Pay Later,DHL,0,0
ORD000218,CUST00050,2024-06-01,Beauty,83.07,0,0,Tablet App,iPad,Crypto,DHL,0,0
ORD000219,CUST00051,2025-02-27,Electronics,5.0,1,0,Mobile App,Windows PC,Gift Card,UPS,1,0
ORD000220,CUST00052,2024-11-14,Electronics,134.96,0,0,Web Browser,Android,PayPal,UPS,1,0
ORD000221,CUST00053,2024-02-05,Grocery,169.32,0,0,Mobile App,Android,Buy Now Pay Later,FedEx,1,0
ORD000222,CUST00053,2024-09-04,Tools,39.38,0,0,Web Browser,MacBook,Gift Card,FedEx,1,0
ORD000223,CUST00053,2024-04-07,Books,29.95,0,0,Mobile App,iPhone,Debit Card,OnTrac,1,0
ORD000224,CUST00053,2024-02-15,Grocery,89.34,1,0,Tablet App,iPhone,Buy Now Pay Later,FedEx,1,1
ORD000225,CUST00053,2025-06-03,Shoes,154.2,1,0,Web Browser,MacBook,Buy Now Pay Later,UPS,1,0
ORD000226,CUST00053,2024-07-20,Books,26.52,0,0,Web Browser,iPad,Crypto,DHL,1,0
ORD000227,CUST00053,2024-10-21,Jewelry,67.38,0,0,Mobile App,Windows PC,Buy Now Pay Later,OnTrac,1,0
ORD000228,CUST00053,2024-08-25,Sports,180.98,0,0,Web Browser,iPad,Credit Card,OnTrac,1,0
ORD000229,CUST00054,2024-02-19,Home & Kitchen,100.23,1,0,Tablet App,iPad,Debit Card,FedEx,1,0
ORD000230,CUST00054,2024-03-03,Books,73.12,0,0,Tablet App,Windows PC,Debit Card,UPS,0,0
ORD000231,CUST00055,2024-05-15,Electronics,254.83,0,0,Web Browser,Android,Debit Card,FedEx,1,0
ORD000232,CUST00055,2024-09-22,Tools,124.6,0,0,Web Browser,Windows PC,Debit Card,USPS,1,0
ORD000233,CUST00055,2025-02-10,Beauty,218.46,0,0,Web Browser,Android,Buy Now Pay Later,DHL,1,0
ORD000234,CUST00056,2024-07-10,Tools,114.78,0,0,Tablet App,iPad,Gift Card,OnTrac,1,0
ORD000235,CUST00056,2024-04-30,Sports,5.0,0,0,Tablet App,iPad,PayPal,FedEx,1,0
ORD000236,CUST00057,2025-06-22,Clothing,222.08,0,0,Web Browser,iPhone,Crypto,USPS,1,0
ORD000237,CUST00057,2025-02-12,Books,186.73,1,0,Tablet App,Windows PC,Gift Card,OnTrac,1,0
ORD000238,CUST00057,2024-09-18,Toys,207.72,1,0,Mobile App,iPhone,Buy Now Pay Later,USPS,1,0
ORD000239,CUST00057,2024-09-20,Home & Kitchen,274.44,1,0,Tablet App,iPad,Crypto,DHL,1,0
ORD000240,CUST00057,2025-02-09,Jewelry,23.7,0,0,Web Browser,Windows PC,Credit Card,USPS,1,0
ORD000241,CUST00057,2024-02-10,Electronics,31.89,0,0,Tablet App,iPad,Credit Card,OnTrac,1,0
ORD000242,CUST00058,2024-03-04,Sports,385.41,0,1,Mobile App,Android,Crypto,USPS,1,0
ORD000243,CUST00058,2024-04-14,Sports,209.66,0,0,Mobile App,iPad,Crypto,DHL,1,0
ORD000244,CUST00058,2024-12-12,Shoes,5.0,1,0,Mobile App,MacBook,Credit Card,UPS,1,0
ORD000245,CUST00058,2025-01-19,Furniture,56.58,1,0,Web Browser,Android,PayPal,FedEx,1,0
ORD000246,CUST00058,2024-01-16,Furniture,172.02,0,0,Mobile App,Windows PC,Debit Card,UPS,1,0
ORD000247,CUST00058,2024-05-20,Home & Kitchen,117.5,0,0,Tablet App,Windows PC,PayPal,FedEx,1,0
ORD000248,CUST00059,2024-08-13,Tools,5.0,0,0,Tablet App,Windows PC,PayPal,OnTrac,1,0
ORD000249,CUST00059,2024-12-24,Home & Kitchen,167.5,1,0,Tablet App,MacBook,Buy Now Pay Later,UPS,1,0
ORD000250,CUST00060,2024-01-20,Shoes,87.41,0,0,Tablet App,iPhone,Credit Card,DHL,1,0
ORD000251,CUST00060,2024-03-13,Toys,145.62,0,0,Mobile App,iPhone,Credit Card,USPS,1,0
ORD000252,CUST00060,2024-06-28,Beauty,108.94,0,0,Web Browser,Android,Gift Card,UPS,1,0
ORD000253,CUST00061,2025-03-13,Furniture,200.64,0,0,Web Browser,Windows PC,Crypto,UPS,1,0
ORD000254,CUST00061,2025-01-17,Shoes,76.08,0,0,Tablet App,MacBook,Debit Card,FedEx,1,0
ORD000255,CUST00061,2024-07-24,Sports,118.29,0,0,Mobile App,Windows PC,PayPal,FedEx,1,0
ORD000256,CUST00061,2024-07-31,Furniture,134.33,0,0,Web Browser,MacBook,Crypto,FedEx,1,0
ORD000257,CUST00061,2024-03-24,Toys,107.22,0,0,Mobile App,Android,Debit Card,OnTrac,1,0
ORD000258,CUST00061,2024-07-10,Sports,165.75,0,0,Web Browser,Android,PayPal,FedEx,1,0
ORD000259,CUST00062,2024-07-13,Sports,96.45,1,0,Tablet App,MacBook,Gift Card,OnTrac,1,0
ORD000260,CUST00063,2024-10-25,Electronics,5.0,0,0,Tablet App,iPhone,PayPal,UPS,1,0
ORD000261,CUST00063,2024-04-03,Clothing,181.42,1,0,Mobile App,iPhone,Gift Card,USPS,1,0
ORD000262,CUST00063,2025-08-17,Tools,219.09,0,0,Mobile App,Windows PC,PayPal,USPS,1,0
ORD000263,CUST00064,2024-02-03,Clothing,95.22,0,0,Tablet App,MacBook,Credit Card,FedEx,1,0
ORD000264,CUST00064,2024-05-18,Furniture,20.29,0,0,Mobile App,Windows PC,Debit Card,UPS,1,0
ORD000265,CUST00065,2024-01-31,Jewelry,160.5,0,0,Mobile App,Windows PC,Crypto,USPS,1,0
ORD000266,CUST00065,2024-02-05,Beauty,125.05,1,0,Mobile App,MacBook,Buy Now Pay Later,OnTrac,1,0
ORD000267,CUST00065,2024-08-06,Beauty,31.27,1,0,Web Browser,iPhone,Credit Card,UPS,1,0
ORD000268,CUST00065,2025-06-18,Grocery,98.55,0,0,Mobile App,iPad,Crypto,FedEx,1,0
ORD000269,CUST00065,2024-06-08,Jewelry,100.06,0,0,Tablet App,Windows PC,PayPal,DHL,1,0
ORD000270,CUST00065,2024-08-01,Grocery,186.18,1,0,Web Browser,Android,Buy Now Pay Later,USPS,1,0
ORD000271,CUST00065,2025-03-03,Shoes,164.31,1,0,Tablet App,Android,Gift Card,FedEx,0,0
ORD000272,CUST00066,2025-05-16,Clothing,200.92,0,0,Mobile App,MacBook,Debit Card,UPS,1,0
ORD000273,CUST00066,2024-09-04,Home & Kitchen,89.29,1,0,Mobile App,iPad,Credit Card,DHL,1,0
ORD000274,CUST00067,2025-06-14,Electronics,161.53,1,0,Web Browser,iPhone,Crypto,USPS,1,0
ORD000275,CUST00067,2025-03-13,Jewelry,228.42,1,0,Tablet App,MacBook,Debit Card,OnTrac,1,0
ORD000276,CUST00067,2025-03-20,Books,35.83,0,0,Tablet App,Windows PC,PayPal,OnTrac,1,0
ORD000277,CUST00067,2024-12-06,Home & Kitchen,81.88,1,0,Web Browser,iPhone,Crypto,UPS,1,0
ORD000278,CUST00067,2024-03-09,Clothing,175.16,0,0,Tablet App,MacBook,Crypto,DHL,1,0
ORD000279,CUST00068,2025-03-24,Jewelry,153.32,0,0,Tablet App,Windows PC,Credit Card,USPS,1,0
ORD000280,CUST00068,2024-08-10,Toys,99.45,0,0,Web Browser,Windows PC,Crypto,DHL,0,0
ORD000281,CUST00068,2024-10-28,Furniture,123.73,0,0,Tablet App,Android,Gift Card,UPS,1,0
ORD000282,CUST00068,2024-10-06,Books,78.14,0,0,Mobile App,MacBook,Crypto,USPS,1,0
ORD000283,CUST00069,2024-11-17,Beauty,336.15,0,1,Tablet App,iPhone,Gift Card,USPS,0,0
ORD000284,CUST00069,2025-03-05,Jewelry,129.68,0,0,Web Browser,MacBook,Debit Card,USPS,0,0
ORD000285,CUST00069,2025-02-20,Beauty,21.14,0,0,Tablet App,Windows PC,PayPal,UPS,0,0
ORD000286,CUST00069,2024-09-25,Home & Kitchen,313.69,1,1,Web Browser,Android,Gift Card,DHL,1,0
ORD000287,CUST00069,2024-01-13,Furniture,131.35,0,0,Mobile App,MacBook,Credit Card,FedEx,1,0
ORD000288,CUST00069,2024-03-23,Jewelry,118.47,1,0,Web Browser,Windows PC,Credit Card,USPS,0,1
ORD000289,CUST00070,2024-07-25,Jewelry,120.4,0,0,Web Browser,iPad,Crypto,FedEx,1,0
ORD000290,CUST00070,2025-06-14,Electronics,46.85,1,0,Web Browser,Android,Gift Card,USPS,1,1
ORD000291,CUST00070,2025-05-12,Books,110.13,0,0,Tablet App,Android,PayPal,DHL,1,0
ORD000292,CUST00071,2025-03-14,Clothing,213.36,1,0,Mobile App,iPhone,PayPal,USPS,1,0
ORD000293,CUST00071,2024-04-12,Tools,37.49,0,0,Tablet App,iPhone,Gift Card,DHL,1,0
ORD000294,CUST00071,2025-05-16,Furniture,151.16,0,0,Mobile App,iPad,Credit Card,FedEx,1,0
ORD000295,CUST00071,2024-11-02,Sports,92.31,0,0,Mobile App,iPhone,Buy Now Pay Later,UPS,1,0
ORD000296,CUST00071,2024-08-09,Books,108.4,1,0,Web Browser,iPad,Buy Now Pay Later,USPS,1,0
ORD000297,CUST00071,2025-04-16,Tools,33.02,0,0,Tablet App,iPad,Debit Card,OnTrac,1,0
ORD000298,CUST00072,2024-02-16,Books,208.76,1,0,Web Browser,Android,PayPal,FedEx,1,0
ORD000299,CUST00072,2024-06-30,Books,183.46,1,0,Mobile App,MacBook,PayPal,OnTrac,1,0
ORD000300,CUST00072,2024-06-29,Electronics,164.28,0,0,Web Browser,iPad,Crypto,OnTrac,0,0
ORD000301,CUST00072,2024-07-27,Jewelry,100.39,0,0,Tablet App,MacBook,Crypto,USPS,1,0
ORD000302,CUST00072,2024-06-19,Clothing,175.2,1,0,Tablet App,MacBook,Buy Now Pay Later,UPS,1,0
ORD000303,CUST00072,2025-03-01,Beauty,154.25,0,0,Web Browser,MacBook,Credit Card,DHL,1,0
ORD000304,CUST00072,2024-09-10,Sports,94.25,0,0,Web Browser,Windows PC,Debit Card,DHL,1,0
ORD000305,CUST00073,2024-10-01,Sports,205.89,1,0,Tablet App,iPad,Buy Now Pay Later,UPS,1,0
ORD000306,CUST00073,2024-09-16,Jewelry,95.34,1,0,Tablet App,iPhone,Credit Card,OnTrac,1,0
ORD000307,CUST00074,2024-08-08,Shoes,260.31,1,0,Mobile App,Windows PC,Buy Now Pay Later,USPS,1,0
ORD000308,CUST00074,2024-05-02,Shoes,308.64,0,1,Mobile App,iPad,Debit Card,UPS,1,0
ORD000309,CUST00074,2025-08-21,Beauty,95.29,0,0,Tablet App,MacBook,PayPal,FedEx,1,0
ORD000310,CUST00075,2024-04-15,Electronics,19.07,1,0,Mobile App,Windows PC,Debit Card,UPS,1,0
ORD000311,CUST00075,2025-08-12,Books,181.98,1,0,Web Browser,iPhone,Debit Card,USPS,1,0
ORD000312,CUST00075,2024-05-02,Clothing,328.5,0,1,Tablet App,Windows PC,Credit Card,USPS,1,0
ORD000313,CUST00075,2024-10-24,Sports,209.21,1,0,Web Browser,MacBook,PayPal,FedEx,1,0
ORD000314,CUST00075,2024-10-11,Shoes,5.0,0,0,Tablet App,iPad,Credit Card,OnTrac,1,0
ORD000315,CUST00075,2024-04-04,Books,5.0,1,0,Mobile App,iPhone,Gift Card,UPS,1,0
ORD000316,CUST00075,2024-10-09,Shoes,120.62,0,0,Web Browser,iPad,Debit Card,FedEx,1,0
ORD000317,CUST00075,2024-05-13,Tools,5.0,0,0,Tablet App,Android,Gift Card,USPS,1,0
ORD000318,CUST00076,2024-01-29,Grocery,140.63,1,0,Mobile App,iPad,Buy Now Pay Later,OnTrac,1,0
ORD000319,CUST00076,2025-01-28,Sports,114.87,1,0,Web Browser,iPhone,Crypto,FedEx,1,0
ORD000320,CUST00077,2024-11-20,Electronics,105.03,0,0,Web Browser,iPhone,PayPal,UPS,1,0
ORD000321,CUST00077,2024-12-22,Sports,257.85,1,0,Web Browser,MacBook,Gift Card,OnTrac,1,0
ORD000322,CUST00077,2024-04-29,Beauty,217.82,0,0,Tablet App,iPad,Buy Now Pay Later,USPS,1,0
ORD000323,CUST00077,2025-01-09,Furniture,134.55,1,0,Web Browser,iPad,Gift Card,DHL,1,0
ORD000324,CUST00078,2025-03-28,Books,66.0,1,0,Web Browser,MacBook,Crypto,UPS,1,0
ORD000325,CUST00078,2024-02-01,Electronics,28.91,0,0,Mobile App,Windows PC,Crypto,USPS,1,0
ORD000326,CUST00078,2025-04-21,Toys,233.32,0,0,Tablet App,MacBook,Gift Card,USPS,1,0
ORD000327,CUST00079,2024-12-05,Beauty,92.42,1,0,Mobile App,iPhone,Gift Card,OnTrac,1,0
ORD000328,CUST00079,2025-05-31,Sports,163.87,0,0,Web Browser,Windows PC,Credit Card,OnTrac,1,0
ORD000329,CUST00080,2024-09-12,Books,27.99,0,0,Web Browser,iPad,Gift Card,DHL,1,0
ORD000330,CUST00080,2025-02-08,Grocery,96.42,0,0,Tablet App,MacBook,PayPal,USPS,0,1
ORD000331,CUST00080,2024-04-25,Home & Kitchen,156.56,1,0,Tablet App,iPhone,PayPal,DHL,1,0
ORD000332,CUST00080,2024-10-20,Toys,239.26,1,0,Web Browser,iPhone,Buy Now Pay Later,USPS,0,1
ORD000333,CUST00080,2025-08-04,Electronics,202.57,1,0,Mobile App,iPhone,Crypto,OnTrac,0,1
ORD000334,CUST00081,2025-07-14,Toys,90.68,0,0,Mobile App,MacBook,Credit Card,FedEx,1,0
ORD000335,CUST00081,2025-05-06,Books,5.0,1,0,Tablet App,Windows PC,Gift Card,FedEx,1,0
ORD000336,CUST00081,2024-06-27,Jewelry,135.12,1,0,Mobile App,Windows PC,Buy Now Pay Later,FedEx,1,0
ORD000337,CUST00082,2024-09-07,Toys,120.36,1,0,Web Browser,MacBook,Credit Card,OnTrac,1,1
ORD000338,CUST00082,2024-03-24,Furniture,5.0,0,0,Web Browser,iPad,Buy Now Pay Later,FedEx,1,0
ORD000339,CUST00082,2024-03-16,Clothing,164.68,0,0,Web Browser,MacBook,PayPal,DHL,1,0
ORD000340,CUST00083,2025-01-10,Clothing,326.78,0,1,Tablet App,Windows PC,Gift Card,DHL,1,0
ORD000341,CUST00083,2024-03-30,Beauty,16.12,1,0,Mobile App,iPhone,Buy Now Pay Later,UPS,1,0
ORD000342,CUST00083,2024-08-18,Books,206.26,1,0,Tablet App,Android,Debit Card,OnTrac,1,0
ORD000343,CUST00084,2025-05-22,Grocery,242.59,0,0,Web Browser,Android,Buy Now Pay Later,DHL,1,0
ORD000344,CUST00084,2024-06-05,Electronics,213.03,1,0,Mobile App,iPhone,Gift Card,FedEx,1,0
ORD000345,CUST00084,2024-05-31,Books,14.25,0,0,Tablet App,MacBook,Buy Now Pay Later,UPS,1,0
ORD000346,CUST00085,2025-02-15,Furniture,85.26,0,0,Web Browser,iPhone,Credit Card,USPS,1,0
ORD000347,CUST00085,2024-01-19,Electronics,261.4,0,0,Web Browser,iPad,Crypto,OnTrac,1,0
ORD000348,CUST00086,2024-02-17,Clothing,284.68,1,0,Tablet App,Android,Gift Card,DHL,1,0
ORD000349,CUST00086,2024-01-11,Sports,120.78,0,0,Web Browser,iPhone,Debit Card,DHL,1,0
ORD000350,CUST00086,2024-10-23,Electronics,81.92,0,0,Web Browser,iPhone,Buy Now Pay Later,USPS,1,0
ORD000351,CUST00087,2024-02-08,Electronics,8.06,0,0,Web Browser,Windows PC,PayPal,DHL,1,0
ORD000352,CUST00087,2024-11-15,Grocery,120.2,1,0,Web Browser,MacBook,Buy Now Pay Later,FedEx,1,0
ORD000353,CUST00087,2025-08-20,Furniture,245.14,1,0,Web Browser,iPhone,Credit Card,FedEx,1,0
ORD000354,CUST00087,2025-06-21,Furniture,336.09,0,1,Tablet App,MacBook,Crypto,USPS,1,0
ORD000355,CUST00088,2025-05-29,Electronics,5.0,1,0,Mobile App,iPad,Debit Card,UPS,1,0
ORD000356,CUST00088,2024-10-29,Electronics,131.81,0,0,Tablet App,MacBook,Gift Card,USPS,1,0
ORD000357,CUST00089,2025-03-20,Sports,191.57,0,0,Web Browser,MacBook,Buy Now Pay Later,UPS,0,0
ORD000358,CUST00089,2024-07-10,Beauty,5.0,0,0,Web Browser,Android,Gift Card,FedEx,1,0
ORD000359,CUST00089,2024-09-16,Books,34.35,1,0,Tablet App,iPad,Gift Card,FedEx,1,0
ORD000360,CUST00089,2025-04-13,Toys,123.14,0,0,Web Browser,Android,Credit Card,DHL,1,1
ORD000361,CUST00089,2024-03-11,Toys,60.8,1,0,Tablet App,iPhone,PayPal,DHL,1,0
ORD000362,CUST00090,2025-01-28,Furniture,25.03,0,0,Tablet App,Android,PayPal,DHL,1,0
ORD000363,CUST00090,2024-06-15,Grocery,16.14,1,0,Mobile App,iPhone,Gift Card,UPS,1,0
ORD000364,CUST00090,2025-04-19,Grocery,100.65,0,0,Mobile App,MacBook,Credit Card,OnTrac,1,0
ORD000365,CUST00091,2025-07-10,Toys,72.93,1,0,Tablet App,iPad,Buy Now Pay Later,FedEx,1,1
ORD000366,CUST00091,2024-02-18,Shoes,165.93,1,0,Web Browser,Windows PC,Gift Card,OnTrac,1,0
ORD000367,CUST00091,2024-06-11,Toys,244.01,0,0,Web Browser,iPhone,Debit Card,USPS,1,0
ORD000368,CUST00092,2024-11-22,Beauty,113.33,1,0,Mobile App,Android,Credit Card,UPS,0,0
ORD000369,CUST00092,2024-06-18,Electronics,109.89,1,0,Mobile App,MacBook,Buy Now Pay Later,OnTrac,1,0
ORD000370,CUST00092,2025-05-29,Clothing,28.05,0,0,Web Browser,iPhone,Crypto,OnTrac,0,0
ORD000371,CUST00092,2024-02-12,Home & Kitchen,103.34,1,0,Mobile App,iPhone,Credit Card,UPS,1,0
ORD000372,CUST00092,2024-11-19,Clothing,215.37,0,0,Mobile App,iPhone,Credit Card,FedEx,1,0
ORD000373,CUST00092,2025-05-22,Home & Kitchen,194.07,1,0,Mobile App,Windows PC,Debit Card,FedEx,1,0
ORD000374,CUST00093,2024-11-20,Clothing,176.67,0,0,Tablet App,Windows PC,PayPal,OnTrac,0,0
ORD000375,CUST00093,2024-06-07,Toys,5.0,1,0,Tablet App,Android,Crypto,FedEx,1,0
ORD000376,CUST00094,2025-07-12,Furniture,222.42,0,0,Mobile App,Android,Gift Card,FedEx,1,0
ORD000377,CUST00094,2024-01-09,Shoes,289.79,0,0,Tablet App,MacBook,Gift Card,DHL,1,0
ORD000378,CUST00094,2024-07-31,Jewelry,40.86,0,0,Web Browser,MacBook,Debit Card,USPS,1,0
ORD000379,CUST00094,2024-07-29,Shoes,66.02,0,0,Web Browser,iPad,Crypto,DHL,1,0
ORD000380,CUST00094,2025-05-25,Clothing,181.92,0,0,Tablet App,Android,Crypto,USPS,1,0
ORD000381,CUST00095,2025-06-07,Clothing,147.73,0,0,Web Browser,MacBook,Buy Now Pay Later,UPS,1,0
ORD000382,CUST00095,2024-08-08,Furniture,5.0,0,0,Tablet App,MacBook,Buy Now Pay Later,USPS,0,0
ORD000383,CUST00095,2024-07-08,Beauty,13.45,0,0,Tablet App,MacBook,Debit Card,DHL,1,0
ORD000384,CUST00095,2024-02-21,Tools,83.2,0,0,Web Browser,MacBook,Debit Card,UPS,1,0
ORD000385,CUST00095,2025-03-01,Electronics,5.0,0,0,Mobile App,MacBook,Debit Card,OnTrac,1,1
ORD000386,CUST00096,2025-05-09,Home & Kitchen,89.4,1,0,Web Browser,Windows PC,PayPal,DHL,1,0
ORD000387,CUST00096,2024-09-18,Electronics,181.8,0,0,Mobile App,iPad,Debit Card,OnTrac,1,0
ORD000388,CUST00096,2024-03-20,Books,88.79,0,0,Tablet App,Windows PC,Buy Now Pay Later,DHL,1,0
ORD000389,CUST00096,2025-02-13,Jewelry,176.72,0,0,Tablet App,iPad,PayPal,OnTrac,1,0
ORD000390,CUST00097,2025-03-19,Grocery,199.71,1,0,Web Browser,MacBook,PayPal,FedEx,0,0
ORD000391,CUST00097,2024-12-03,Furniture,5.0,1,0,Tablet App,iPad,Crypto,FedEx,1,0
ORD000392,CUST00097,2024-07-17,Toys,101.96,1,0,Tablet App,Windows PC,Crypto,UPS,1,0
ORD000393,CUST00097,2025-07-18,Jewelry,182.93,1,0,Web Browser,Android,Gift Card,OnTrac,1,0
ORD000394,CUST00097,2024-12-11,Clothing,57.88,1,0,Web Browser,iPad,Gift Card,USPS,1,0
ORD000395,CUST00098,2025-05-02,Jewelry,139.84,0,0,Mobile App,iPhone,Buy Now Pay Later,UPS,1,0
ORD000396,CUST00098,2025-02-21,Home & Kitchen,74.01,0,0,Tablet App,iPhone,Credit Card,FedEx,1,0
ORD000397,CUST00098,2024-04-20,Electronics,225.93,0,0,Web Browser,iPad,PayPal,USPS,1,0
ORD000398,CUST00098,2024-09-09,Grocery,85.63,0,0,Web Browser,iPhone,Debit Card,FedEx,1,0
ORD000399,CUST00098,2025-06-08,Furniture,5.0,0,0,Mobile App,Android,Debit Card,UPS,1,0
ORD000400,CUST00099,2024-11-29,Grocery,10.79,0,0,Tablet App,iPad,Crypto,UPS,1,0
ORD000401,CUST00099,2024-04-03,Clothing,10.36,1,0,Mobile App,Windows PC,Gift Card,DHL,1,0
ORD000402,CUST00099,2024-01-21,Home & Kitchen,46.07,0,0,Web Browser,MacBook,PayPal,DHL,1,0
ORD000403,CUST00099,2024-06-20,Shoes,187.79,1,0,Mobile App,Android,Crypto,DHL,1,0
ORD000404,CUST00100,2024-10-13,Sports,86.1,1,0,Mobile App,iPhone,PayPal,OnTrac,1,0
ORD000405,CUST00100,2025-03-29,Electronics,155.76,1,0,Web Browser,Android,Credit Card,UPS,1,0
ORD000406,CUST00100,2025-04-24,Electronics,235.05,1,0,Web Browser,Android,Gift Card,UPS,1,0
ORD000407,CUST00100,2024-03-04,Shoes,121.75,0,0,Mobile App,Windows PC,Credit Card,UPS,1,0
ORD000408,CUST00101,2024-12-14,Clothing,138.59,1,0,Tablet App,MacBook,Gift Card,FedEx,1,0
ORD000409,CUST00101,2025-01-07,Books,5.0,0,0,Tablet App,iPad,Gift Card,FedEx,1,0
ORD000410,CUST00101,2025-02-01,Tools,57.56,0,0,Tablet App,Android,Gift Card,DHL,1,0
ORD000411,CUST00102,2024-08-28,Grocery,118.16,1,0,Tablet App,Windows PC,Gift Card,USPS,1,0
ORD000412,CUST00102,2025-07-04,Jewelry,132.03,0,0,Tablet App,Android,PayPal,DHL,1,1
ORD000413,CUST00102,2025-03-19,Shoes,205.5,0,0,Mobile App,iPad,Debit Card,FedEx,1,0
ORD000414,CUST00102,2024-07-22,Electronics,5.0,0,0,Web Browser,Android,Gift Card,DHL,0,0
ORD000415,CUST00103,2024-06-05,Toys,382.8,0,1,Tablet App,Windows PC,Gift Card,DHL,1,0
ORD000416,CUST00103,2024-01-17,Books,158.39,0,0,Mobile App,MacBook,PayPal,UPS,1,0
ORD000417,CUST00103,2024-06-07,Furniture,5.0,0,0,Tablet App,iPad,Buy Now Pay Later,DHL,1,0
ORD000418,CUST00103,2024-10-17,Beauty,108.57,0,0,Mobile App,MacBook,Credit Card,UPS,1,0
ORD000419,CUST00103,2025-01-02,Electronics,5.0,0,0,Mobile App,Android,Gift Card,DHL,1,0
ORD000420,CUST00103,2025-02-06,Jewelry,200.28,1,0,Web Browser,Android,Debit Card,OnTrac,1,0
ORD000421,CUST00103,2024-02-01,Beauty,122.26,1,0,Mobile App,Android,Debit Card,DHL,1,1
ORD000422,CUST00103,2024-03-13,Jewelry,122.11,0,0,Web Browser,Android,Gift Card,DHL,1,0
ORD000423,CUST00103,2024-10-24,Toys,5.0,1,0,Mobile App,MacBook,Buy Now Pay Later,FedEx,1,0
ORD000424,CUST00104,2024-07-10,Toys,125.65,1,0,Web Browser,Android,Credit Card,FedEx,1,0
ORD000425,CUST00104,2025-03-22,Beauty,34.47,0,0,Tablet App,iPad,Gift Card,DHL,0,0
ORD000426,CUST00104,2024-03-03,Home & Kitchen,185.76,1,0,Mobile App,Windows PC,Debit Card,FedEx,1,0
ORD000427,CUST00104,2025-05-04,Beauty,214.19,0,0,Web Browser,Android,Debit Card,FedEx,1,0
ORD000428,CUST00104,2025-05-28,Books,97.68,0,0,Mobile App,iPhone,Crypto,DHL,1,0
ORD000429,CUST00105,2024-03-28,Home & Kitchen,128.94,1,0,Mobile App,MacBook,Credit Card,UPS,1,0
ORD000430,CUST00105,2025-02-14,Beauty,33.79,1,0,Mobile App,iPhone,Debit Card,USPS,1,0
ORD000431,CUST00105,2024-04-15,Furniture,73.26,1,0,Tablet App,Android,PayPal,OnTrac,1,0
ORD000432,CUST00105,2024-11-08,Furniture,174.04,1,0,Web Browser,MacBook,Crypto,OnTrac,0,0
ORD000433,CUST00105,2024-12-25,Grocery,251.66,1,0,Mobile App,Android,PayPal,DHL,1,1
ORD000434,CUST00106,2025-05-30,Sports,283.05,0,0,Mobile App,Android,Credit Card,DHL,1,0
ORD000435,CUST00107,2024-12-12,Clothing,79.93,1,0,Web Browser,MacBook,Buy Now Pay Later,UPS,1,0
ORD000436,CUST00107,2024-07-14,Jewelry,176.23,1,0,Tablet App,iPad,Buy Now Pay Later,UPS,1,0
ORD000437,CUST00107,2024-10-08,Toys,141.16,1,0,Mobile App,Windows PC,Buy Now Pay Later,USPS,0,1
ORD000438,CUST00107,2025-07-04,Toys,165.8,1,0,Mobile App,Windows PC,Crypto,USPS,1,0
ORD000439,CUST00107,2024-12-25,Toys,148.73,0,0,Mobile App,Windows PC,Buy Now Pay Later,USPS,1,0
ORD000440,CUST00107,2024-07-16,Clothing,35.28,0,0,Tablet App,Windows PC,Credit Card,OnTrac,1,0
ORD000441,CUST00108,2025-04-25,Clothing,58.17,1,0,Tablet App,iPad,Gift Card,FedEx,1,0
ORD000442,CUST00108,2025-06-21,Furniture,84.9,0,0,Tablet App,MacBook,Credit Card,DHL,1,0
ORD000443,CUST00108,2025-05-16,Books,125.14,0,0,Web Browser,iPad,Crypto,OnTrac,1,0
ORD000444,CUST00109,2024-09-18,Home & Kitchen,99.81,0,0,Mobile App,Android,Debit Card,USPS,1,0
ORD000445,CUST00109,2025-07-11,Electronics,103.12,0,0,Tablet App,iPad,Crypto,FedEx,1,0
ORD000446,CUST00109,2025-04-27,Grocery,115.43,0,0,Tablet App,Windows PC,Gift Card,OnTrac,1,0
ORD000447,CUST00109,2025-05-01,Jewelry,199.55,0,0,Tablet App,Android,Buy Now Pay Later,USPS,1,1
ORD000448,CUST00109,2025-07-09,Tools,171.1,1,0,Tablet App,Android,Gift Card,UPS,1,0
ORD000449,CUST00109,2024-12-28,Grocery,129.38,1,0,Mobile App,MacBook,Credit Card,DHL,1,0
ORD000450,CUST00109,2025-02-24,Toys,123.08,0,0,Web Browser,Android,Debit Card,DHL,1,0
ORD000451,CUST00109,2025-03-12,Beauty,87.0,1,0,Mobile App,Windows PC,Buy Now Pay Later,UPS,1,0
ORD000452,CUST00110,2024-08-11,Toys,139.97,0,0,Mobile App,iPad,Credit Card,UPS,1,0
ORD000453,CUST00110,2024-04-18,Toys,100.07,1,0,Web Browser,iPhone,Gift Card,DHL,1,0
ORD000454,CUST00111,2025-05-20,Electronics,5.0,1,0,Web Browser,Android,Crypto,USPS,1,0
ORD000455,CUST00111,2024-02-12,Electronics,5.0,0,0,Web Browser,MacBook,Crypto,DHL,1,0
ORD000456,CUST00111,2025-08-01,Tools,5.0,0,0,Tablet App,iPhone,Buy Now Pay Later,UPS,1,0
ORD000457,CUST00111,2024-09-24,Home & Kitchen,5.0,0,0,Mobile App,MacBook,Gift Card,USPS,0,0
ORD000458,CUST00112,2025-04-25,Books,98.07,1,0,Mobile App,iPhone,Debit Card,DHL,1,0
ORD000459,CUST00112,2024-04-04,Home & Kitchen,43.31,0,0,Web Browser,Android,Debit Card,FedEx,0,1
ORD000460,CUST00113,2024-08-04,Home & Kitchen,208.86,1,0,Web Browser,MacBook,Debit Card,FedEx,1,0
ORD000461,CUST00113,2025-02-10,Toys,132.25,1,0,Web Browser,Windows PC,Debit Card,OnTrac,1,0
ORD000462,CUST00113,2025-01-18,Sports,284.33,1,0,Web Browser,MacBook,PayPal,OnTrac,1,0
ORD000463,CUST00113,2025-07-21,Grocery,286.78,0,0,Mobile App,iPad,PayPal,OnTrac,1,0
ORD000464,CUST00114,2024-03-04,Tools,5.0,0,0,Web Browser,Windows PC,Buy Now Pay Later,UPS,1,0
ORD000465,CUST00114,2025-07-17,Books,10.78,0,0,Web Browser,Windows PC,PayPal,FedEx,1,0
ORD000466,CUST00114,2024-06-11,Home & Kitchen,62.93,0,0,Web Browser,Android,Crypto,UPS,1,0
ORD000467,CUST00115,2025-01-06,Clothing,249.84,1,0,Mobile App,MacBook,Credit Card,UPS,0,0
ORD000468,CUST00115,2025-06-30,Jewelry,128.39,1,0,Web Browser,iPhone,Gift Card,USPS,1,0
ORD000469,CUST00115,2024-04-21,Furniture,120.76,1,0,Tablet App,Windows PC,PayPal,USPS,0,0
ORD000470,CUST00115,2024-08-19,Books,215.36,1,0,Web Browser,iPhone,Buy Now Pay Later,FedEx,1,0
ORD000471,CUST00116,2024-09-27,Electronics,162.7,0,0,Tablet App,Android,Gift Card,OnTrac,1,0
ORD000472,CUST00116,2024-04-18,Electronics,260.42,1,0,Web Browser,Windows PC,PayPal,OnTrac,1,0
ORD000473,CUST00116,2024-08-13,Grocery,166.27,0,0,Tablet App,iPad,Gift Card,FedEx,1,0
ORD000474,CUST00116,2024-03-12,Sports,114.74,0,0,Tablet App,iPad,Gift Card,OnTrac,1,0
ORD000475,CUST00116,2024-05-10,Sports,110.7,0,0,Web Browser,iPad,Debit Card,UPS,1,0
ORD000476,CUST00117,2025-01-31,Jewelry,20.12,0,0,Mobile App,Windows PC,Gift Card,FedEx,1,0
ORD000477,CUST00117,2024-04-28,Sports,91.53,0,0,Web Browser,iPad,PayPal,DHL,1,0
ORD000478,CUST00117,2025-04-08,Sports,193.98,1,0,Tablet App,iPhone,Credit Card,OnTrac,1,0
ORD000479,CUST00117,2024-01-09,Shoes,150.64,0,0,Mobile App,MacBook,Gift Card,OnTrac,1,0
ORD000480,CUST00117,2024-08-15,Beauty,91.87,1,0,Web Browser,iPhone,Crypto,DHL,1,0
ORD000481,CUST00117,2025-01-04,Books,9.65,0,0,Mobile App,MacBook,Crypto,OnTrac,1,0
ORD000482,CUST00117,2025-04-07,Jewelry,89.51,0,0,Tablet App,iPhone,Buy Now Pay Later,DHL,1,0
ORD000483,CUST00117,2024-04-17,Clothing,197.39,0,0,Tablet App,Windows PC,PayPal,FedEx,1,0
ORD000484,CUST00117,2024-10-18,Tools,156.34,0,0,Web Browser,iPad,Debit Card,USPS,1,0
ORD000485,CUST00117,2024-10-08,Tools,117.0,1,0,Tablet App,Windows PC,Gift Card,USPS,1,1
ORD000486,CUST00118,2025-04-03,Sports,127.0,0,0,Web Browser,iPhone,Buy Now Pay Later,FedEx,0,0
ORD000487,CUST00118,2024-09-14,Tools,175.29,1,0,Web Browser,Windows PC,Debit Card,USPS,1,0
ORD000488,CUST00118,2024-01-14,Grocery,207.41,1,0,Web Browser,iPhone,Buy Now Pay Later,DHL,1,0
ORD000489,CUST00119,2024-12-18,Toys,5.0,0,0,Mobile App,iPhone,PayPal,UPS,1,0
ORD000490,CUST00119,2025-04-23,Home & Kitchen,242.36,0,0,Mobile App,iPhone,Buy Now Pay Later,UPS,1,0
ORD000491,CUST00119,2024-01-16,Furniture,85.52,0,0,Tablet App,Windows PC,PayPal,USPS,1,0
ORD000492,CUST00119,2025-05-06,Shoes,222.89,1,0,Web Browser,MacBook,Debit Card,UPS,1,0
ORD000493,CUST00119,2025-02-07,Electronics,74.52,0,0,Tablet App,Android,PayPal,DHL,1,0
ORD000494,CUST00119,2024-09-20,Beauty,185.24,0,0,Web Browser,Windows PC,Crypto,OnTrac,1,0
ORD000495,CUST00119,2024-12-09,Furniture,5.0,1,0,Tablet App,iPhone,Buy Now Pay Later,FedEx,1,0
ORD000496,CUST00120,2024-11-05,Shoes,78.68,0,0,Tablet App,Windows PC,Credit Card,USPS,1,1
ORD000497,CUST00120,2024-07-12,Sports,90.67,1,0,Tablet App,MacBook,Debit Card,FedEx,1,1
ORD000498,CUST00121,2024-09-15,Electronics,124.59,1,0,Web Browser,Android,Crypto,OnTrac,1,0
ORD000499,CUST00121,2024-09-17,Books,5.0,1,0,Tablet App,iPad,Credit Card,DHL,1,0
ORD000500,CUST00121,2025-04-25,Clothing,46.81,0,0,Mobile App,iPhone,Buy Now Pay Later,OnTrac,1,0
ORD000501,CUST00121,2025-08-05,Home & Kitchen,94.58,0,0,Mobile App,iPad,Buy Now Pay Later,DHL,1,0
ORD000502,CUST00121,2024-10-15,Furniture,67.88,0,0,Tablet App,iPhone,Credit Card,USPS,1,0
ORD000503,CUST00121,2024-01-20,Clothing,92.65,1,0,Tablet App,MacBook,PayPal,OnTrac,1,0
ORD000504,CUST00121,2024-09-01,Grocery,152.42,0,0,Web Browser,iPhone,Gift Card,FedEx,1,0
ORD000505,CUST00122,2025-02-25,Books,139.14,0,0,Tablet App,iPhone,Gift Card,UPS,1,0
ORD000506,CUST00122,2025-01-10,Grocery,264.94,0,0,Mobile App,iPad,Credit Card,USPS,1,0
ORD000507,CUST00122,2024-01-10,Jewelry,101.14,0,0,Tablet App,Android,Buy Now Pay Later,FedEx,1,0
ORD000508,CUST00122,2024-02-08,Tools,121.28,0,0,Web Browser,iPad,Gift Card,USPS,1,0
ORD000509,CUST00123,2024-08-03,Grocery,232.37,1,0,Web Browser,Android,Buy Now Pay Later,UPS,1,0
ORD000510,CUST00123,2025-06-29,Books,99.44,0,0,Tablet App,iPad,PayPal,OnTrac,1,0
ORD000511,CUST00123,2024-06-02,Books,5.0,0,0,Tablet App,iPad,PayPal,DHL,1,0
ORD000512,CUST00123,2025-01-28,Electronics,105.22,1,0,Mobile App,MacBook,Gift Card,DHL,1,0
ORD000513,CUST00123,2025-03-25,Jewelry,206.56,1,0,Tablet App,Windows PC,PayPal,OnTrac,1,0
ORD000514,CUST00123,2024-10-16,Jewelry,253.29,1,0,Mobile App,MacBook,Buy Now Pay Later,FedEx,1,0
ORD000515,CUST00123,2024-10-27,Grocery,84.55,0,0,Tablet App,iPhone,Crypto,UPS,1,0
ORD000516,CUST00124,2025-01-03,Beauty,234.06,0,0,Tablet App,Android,Crypto,UPS,1,0
ORD000517,CUST00124,2024-02-23,Grocery,63.77,1,0,Web Browser,iPad,PayPal,USPS,1,0
ORD000518,CUST00124,2024-07-16,Toys,5.0,0,0,Mobile App,iPad,Debit Card,FedEx,1,0
ORD000519,CUST00124,2024-05-15,Books,164.5,1,0,Web Browser,Windows PC,Gift Card,UPS,1,0
ORD000520,CUST00125,2024-09-11,Grocery,148.62,1,0,Mobile App,MacBook,Buy Now Pay Later,OnTrac,1,0
ORD000521,CUST00125,2025-05-05,Clothing,28.45,1,0,Mobile App,MacBook,Debit Card,USPS,0,0
ORD000522,CUST00125,2025-05-07,Grocery,185.52,0,0,Web Browser,iPad,PayPal,OnTrac,0,1
ORD000523,CUST00125,2025-01-24,Beauty,261.15,1,0,Tablet App,Android,Crypto,DHL,1,0
ORD000524,CUST00125,2024-03-21,Grocery,237.85,0,0,Mobile App,iPad,Buy Now Pay Later,OnTrac,0,1
ORD000525,CUST00125,2024-08-18,Toys,190.59,0,0,Mobile App,iPhone,Buy Now Pay Later,DHL,0,0
ORD000526,CUST00125,2024-11-11,Shoes,96.44,1,0,Web Browser,iPhone,PayPal,DHL,1,0
ORD000527,CUST00126,2024-01-17,Furniture,125.51,0,0,Mobile App,iPhone,PayPal,DHL,1,0
ORD000528,CUST00127,2024-08-25,Beauty,147.56,0,0,Web Browser,iPhone,Crypto,DHL,1,0
ORD000529,CUST00127,2024-05-15,Beauty,144.48,0,0,Tablet App,iPad,PayPal,FedEx,1,0
ORD000530,CUST00127,2025-03-01,Home & Kitchen,116.82,1,0,Tablet App,iPad,Buy Now Pay Later,USPS,0,0
ORD000531,CUST00127,2024-10-03,Home & Kitchen,158.73,1,0,Mobile App,Android,Crypto,FedEx,1,0
ORD000532,CUST00127,2024-08-22,Books,186.95,1,0,Mobile App,Windows PC,Gift Card,UPS,1,0
ORD000533,CUST00128,2024-12-07,Grocery,5.0,0,0,Tablet App,iPhone,Crypto,FedEx,1,0
ORD000534,CUST00128,2025-05-27,Sports,74.9,0,0,Tablet App,MacBook,PayPal,OnTrac,1,0
ORD000535,CUST00128,2024-07-02,Books,15.64,1,0,Web Browser,Windows PC,Gift Card,USPS,1,0
ORD000536,CUST00128,2024-05-23,Jewelry,215.52,0,0,Mobile App,iPad,Gift Card,DHL,1,1
ORD000537,CUST00128,2024-03-16,Books,176.65,0,0,Web Browser,iPad,Credit Card,UPS,1,0
ORD000538,CUST00128,2024-11-29,Toys,160.72,0,0,Tablet App,MacBook,Crypto,FedEx,1,0
ORD000539,CUST00128,2024-05-29,Electronics,166.48,1,0,Tablet App,MacBook,Crypto,USPS,1,0
ORD000540,CUST00129,2024-09-02,Furniture,163.71,0,0,Web Browser,MacBook,Credit Card,UPS,1,0
ORD000541,CUST00129,2025-01-03,Jewelry,29.42,0,0,Web Browser,iPad,PayPal,DHL,1,0
ORD000542,CUST00129,2025-03-23,Jewelry,129.34,0,0,Web Browser,MacBook,Gift Card,USPS,1,0
ORD000543,CUST00129,2024-10-19,Beauty,98.15,1,0,Tablet App,iPhone,Buy Now Pay Later,UPS,0,0
ORD000544,CUST00129,2025-06-30,Grocery,112.67,0,0,Tablet App,MacBook,Gift Card,UPS,1,0
ORD000545,CUST00129,2024-06-15,Toys,5.0,0,0,Web Browser,iPhone,Crypto,DHL,1,0
ORD000546,CUST00129,2024-04-17,Shoes,19.55,1,0,Mobile App,iPhone,Debit Card,USPS,1,0
ORD000547,CUST00129,2024-10-07,Home & Kitchen,5.0,0,0,Tablet App,MacBook,Gift Card,FedEx,1,0
ORD000548,CUST00129,2025-03-12,Jewelry,187.37,0,0,Web Browser,MacBook,Debit Card,DHL,1,0
ORD000549,CUST00130,2024-10-29,Shoes,57.45,1,0,Tablet App,MacBook,Credit Card,OnTrac,1,0
ORD000550,CUST00130,2025-07-12,Tools,5.46,0,0,Web Browser,iPad,Gift Card,FedEx,1,0
ORD000551,CUST00130,2024-01-27,Toys,121.46,0,0,Mobile App,Android,Debit Card,OnTrac,1,0
ORD000552,CUST00130,2025-07-01,Beauty,127.51,0,0,Tablet App,iPad,Buy Now Pay Later,UPS,1,0
ORD000553,CUST00130,2024-09-20,Home & Kitchen,25.87,1,0,Web Browser,iPhone,Gift Card,FedEx,1,0
ORD000554,CUST00130,2024-12-06,Furniture,85.62,0,0,Mobile App,Android,Debit Card,FedEx,1,0
ORD000555,CUST00130,2024-06-10,Shoes,205.44,0,0,Web Browser,Windows PC,PayPal,USPS,1,0
ORD000556,CUST00130,2025-07-16,Beauty,46.71,1,0,Tablet App,Windows PC,Credit Card,UPS,1,0
ORD000557,CUST00130,2024-11-09,Jewelry,33.8,0,0,Tablet App,MacBook,Buy Now Pay Later,UPS,1,0
ORD000558,CUST00130,2024-05-02,Sports,184.43,0,0,Mobile App,MacBook,Credit Card,UPS,1,0
ORD000559,CUST00130,2024-11-29,Beauty,104.41,0,0,Web Browser,Android,Crypto,UPS,1,0
ORD000560,CUST00130,2024-04-07,Electronics,5.0,1,0,Web Browser,Windows PC,Gift Card,OnTrac,1,0
ORD000561,CUST00131,2024-09-13,Sports,66.3,0,0,Web Browser,iPad,Crypto,DHL,1,0
ORD000562,CUST00131,2024-08-09,Home & Kitchen,105.0,0,0,Mobile App,iPhone,PayPal,UPS,1,0
ORD000563,CUST00131,2025-08-05,Home & Kitchen,130.64,0,0,Tablet App,iPad,PayPal,FedEx,1,0
ORD000564,CUST00131,2025-01-25,Sports,162.78,0,0,Mobile App,iPhone,Debit Card,OnTrac,1,0
ORD000565,CUST00132,2025-03-28,Clothing,318.87,0,1,Web Browser,Windows PC,PayPal,USPS,0,1
ORD000566,CUST00132,2025-02-26,Electronics,70.92,0,0,Web Browser,iPad,PayPal,USPS,0,0
ORD000567,CUST00132,2025-03-31,Home & Kitchen,169.62,0,0,Tablet App,MacBook,Credit Card,DHL,0,0
ORD000568,CUST00132,2024-01-15,Books,5.0,0,0,Web Browser,iPad,PayPal,DHL,0,0
ORD000569,CUST00132,2024-12-15,Shoes,174.02,0,0,Web Browser,Windows PC,Credit Card,FedEx,0,1
ORD000570,CUST00132,2024-01-15,Beauty,64.33,1,0,Mobile App,Android,Credit Card,USPS,1,0
ORD000571,CUST00132,2024-05-29,Furniture,120.91,0,0,Web Browser,Android,Buy Now Pay Later,DHL,0,1
ORD000572,CUST00133,2024-07-09,Toys,134.4,0,0,Web Browser,Android,Gift Card,FedEx,1,0
ORD000573,CUST00133,2024-11-08,Books,37.01,0,0,Web Browser,Windows PC,Crypto,DHL,1,0
ORD000574,CUST00133,2025-04-10,Shoes,5.0,1,0,Tablet App,iPhone,Crypto,USPS,1,0
ORD000575,CUST00133,2025-05-07,Furniture,143.15,1,0,Tablet App,Windows PC,Debit Card,USPS,1,0
ORD000576,CUST00133,2024-09-21,Electronics,5.0,1,0,Tablet App,iPhone,Gift Card,OnTrac,1,0
ORD000577,CUST00133,2025-07-04,Furniture,20.86,1,0,Tablet App,Android,PayPal,DHL,1,0
ORD000578,CUST00133,2024-06-18,Books,193.37,1,0,Tablet App,MacBook,Crypto,FedEx,1,0
ORD000579,CUST00133,2024-09-01,Books,62.8,1,0,Tablet App,Android,Gift Card,USPS,1,0
ORD000580,CUST00133,2025-05-27,Grocery,185.33,0,0,Tablet App,iPad,Gift Card,DHL,1,0
ORD000581,CUST00133,2025-01-01,Sports,129.01,1,0,Tablet App,iPhone,Buy Now Pay Later,UPS,0,0
ORD000582,CUST00133,2025-02-04,Beauty,101.24,1,0,Web Browser,iPad,PayPal,UPS,0,0
ORD000583,CUST00134,2024-10-05,Tools,116.94,1,0,Tablet App,Windows PC,Buy Now Pay Later,USPS,1,1
ORD000584,CUST00134,2025-06-12,Sports,173.42,1,0,Tablet App,Android,Buy Now Pay Later,DHL,0,1
ORD000585,CUST00134,2024-03-08,Shoes,127.01,0,0,Mobile App,Windows PC,Debit Card,FedEx,1,0
ORD000586,CUST00134,2024-12-07,Jewelry,236.4,1,0,Web Browser,iPhone,Crypto,FedEx,0,0
ORD000587,CUST00134,2024-09-29,Home & Kitchen,31.13,0,0,Mobile App,Android,Debit Card,UPS,0,0
ORD000588,CUST00134,2025-08-08,Toys,214.78,0,0,Web Browser,iPhone,Crypto,OnTrac,1,0
ORD000589,CUST00134,2024-11-28,Grocery,259.48,1,0,Tablet App,iPad,Gift Card,USPS,0,0
ORD000590,CUST00134,2024-11-29,Furniture,91.27,0,0,Mobile App,MacBook,PayPal,DHL,0,0
ORD000591,CUST00134,2024-05-14,Beauty,198.21,0,0,Web Browser,MacBook,Buy Now Pay Later,USPS,0,0
ORD000592,CUST00134,2024-01-21,Toys,45.09,1,0,Tablet App,MacBook,Buy Now Pay Later,UPS,1,0
ORD000593,CUST00135,2024-07-30,Beauty,69.38,1,0,Mobile App,Windows PC,Credit Card,USPS,1,0
ORD000594,CUST00135,2024-03-10,Furniture,145.12,1,0,Tablet App,iPad,Credit Card,UPS,1,0
ORD000595,CUST00135,2025-08-11,Furniture,255.93,0,0,Tablet App,MacBook,Debit Card,USPS,1,0
ORD000596,CUST00135,2025-07-24,Jewelry,101.28,1,0,Tablet App,MacBook,Credit Card,UPS,0,0
ORD000597,CUST00135,2024-09-23,Furniture,141.91,0,0,Tablet App,iPad,Gift Card,OnTrac,1,0
ORD000598,CUST00135,2024-06-10,Beauty,141.46,0,0,Tablet App,Windows PC,Debit Card,FedEx,0,0
ORD000599,CUST00135,2024-07-28,Grocery,130.37,0,0,Mobile App,Windows PC,Debit Card,OnTrac,1,0
ORD000600,CUST00136,2024-11-16,Shoes,5.0,1,0,Mobile App,iPhone,Buy Now Pay Later,DHL,1,0
ORD000601,CUST00136,2025-03-27,Electronics,5.0,1,0,Web Browser,iPhone,Debit Card,UPS,1,0
ORD000602,CUST00136,2025-07-23,Shoes,244.76,1,0,Tablet App,iPhone,PayPal,FedEx,1,0
ORD000603,CUST00136,2025-01-08,Furniture,138.48,0,0,Web Browser,MacBook,Credit Card,USPS,1,0
ORD000604,CUST00136,2025-07-09,Beauty,181.38,0,0,Tablet App,iPhone,Crypto,FedEx,1,0
ORD000605,CUST00136,2025-06-04,Furniture,198.64,1,0,Mobile App,MacBook,Buy Now Pay Later,FedEx,1,0
ORD000606,CUST00137,2024-04-12,Jewelry,181.96,0,0,Mobile App,iPhone,Credit Card,OnTrac,1,0
ORD000607,CUST00137,2024-04-26,Sports,124.62,0,0,Mobile App,MacBook,PayPal,USPS,1,0
ORD000608,CUST00137,2024-02-02,Jewelry,5.0,0,0,Web Browser,MacBook,Crypto,USPS,1,0
ORD000609,CUST00138,2024-10-01,Home & Kitchen,124.59,0,0,Tablet App,iPhone,Buy Now Pay Later,FedEx,1,0
ORD000610,CUST00138,2024-05-09,Books,89.0,1,0,Web Browser,Android,Gift Card,DHL,1,0
ORD000611,CUST00139,2024-03-15,Grocery,51.14,1,0,Mobile App,iPhone,Credit Card,UPS,1,0
ORD000612,CUST00139,2025-08-04,Shoes,146.68,0,0,Tablet App,Windows PC,Debit Card,OnTrac,1,0
ORD000613,CUST00139,2025-03-16,Jewelry,87.79,1,0,Web Browser,Android,Gift Card,USPS,1,0
ORD000614,CUST00140,2024-12-24,Shoes,15.33,1,0,Web Browser,Windows PC,Gift Card,FedEx,1,0
ORD000615,CUST00140,2025-06-19,Tools,24.08,1,0,Mobile App,iPhone,PayPal,FedEx,1,0
ORD000616,CUST00141,2024-10-13,Sports,102.62,0,0,Web Browser,Windows PC,Gift Card,OnTrac,1,0
ORD000617,CUST00141,2024-10-16,Toys,52.73,0,0,Tablet App,iPad,Crypto,DHL,1,0
ORD000618,CUST00141,2024-03-15,Sports,147.71,0,0,Mobile App,iPhone,Gift Card,DHL,1,0
ORD000619,CUST00141,2024-12-19,Clothing,18.29,0,0,Mobile App,MacBook,Debit Card,OnTrac,1,0
ORD000620,CUST00141,2024-04-12,Home & Kitchen,5.0,0,0,Web Browser,iPhone,Buy Now Pay Later,DHL,1,0
ORD000621,CUST00142,2025-01-11,Sports,61.99,0,0,Mobile App,MacBook,PayPal,FedEx,1,0
ORD000622,CUST00143,2025-08-20,Books,335.83,0,1,Tablet App,MacBook,Gift Card,USPS,1,0
ORD000623,CUST00143,2024-09-13,Sports,35.93,0,0,Tablet App,iPad,Credit Card,FedEx,1,0
ORD000624,CUST00143,2024-12-11,Books,33.02,0,0,Mobile App,MacBook,Gift Card,DHL,1,0
ORD000625,CUST00143,2025-03-28,Grocery,273.81,1,0,Web Browser,MacBook,Crypto,UPS,1,0
ORD000626,CUST00143,2024-04-29,Furniture,210.59,1,0,Mobile App,MacBook,PayPal,OnTrac,1,0
ORD000627,CUST00144,2024-05-13,Furniture,105.98,1,0,Mobile App,iPad,Gift Card,UPS,1,0
ORD000628,CUST00144,2024-07-11,Books,137.71,0,0,Tablet App,MacBook,Buy Now Pay Later,DHL,1,0
ORD000629,CUST00144,2025-07-08,Clothing,160.65,0,0,Mobile App,Android,Debit Card,OnTrac,1,1
ORD000630,CUST00145,2025-02-09,Beauty,44.64,0,0,Web Browser,Windows PC,Debit Card,USPS,1,1
ORD000631,CUST00145,2025-07-14,Jewelry,54.61,1,0,Tablet App,iPad,Crypto,OnTrac,1,0
ORD000632,CUST00145,2024-09-12,Electronics,115.88,0,0,Web Browser,iPad,Buy Now Pay Later,UPS,1,0
ORD000633,CUST00145,2025-02-28,Sports,58.66,1,0,Web Browser,iPhone,Debit Card,USPS,1,0
ORD000634,CUST00145,2025-01-15,Shoes,77.92,0,0,Web Browser,iPhone,Crypto,FedEx,1,0
ORD000635,CUST00145,2024-02-23,Home & Kitchen,146.1,0,0,Web Browser,iPad,Crypto,DHL,0,0
ORD000636,CUST00146,2024-04-07,Beauty,40.8,1,0,Tablet App,MacBook,Buy Now Pay Later,USPS,1,0
ORD000637,CUST00146,2025-06-28,Furniture,80.9,1,0,Web Browser,Android,Crypto,OnTrac,1,0
ORD000638,CUST00146,2025-02-10,Home & Kitchen,179.89,0,0,Tablet App,iPhone,Debit Card,UPS,1,0
ORD000639,CUST00146,2025-08-13,Toys,142.06,0,0,Mobile App,Android,Credit Card,UPS,0,0
ORD000640,CUST00147,2025-08-14,Toys,171.29,0,0,Tablet App,MacBook,Gift Card,DHL,0,0
ORD000641,CUST00147,2025-06-05,Jewelry,101.73,0,0,Web Browser,Android,Crypto,USPS,1,0
ORD000642,CUST00147,2025-05-17,Beauty,119.93,0,0,Web Browser,Windows PC,Crypto,OnTrac,1,0
ORD000643,CUST00147,2024-08-28,Shoes,165.32,1,0,Web Browser,Windows PC,Credit Card,OnTrac,1,0
ORD000644,CUST00147,2024-11-09,Clothing,258.02,0,0,Web Browser,iPhone,Crypto,UPS,1,0
ORD000645,CUST00148,2024-02-15,Sports,5.0,0,0,Web Browser,Windows PC,Debit Card,DHL,1,0
ORD000646,CUST00148,2024-02-25,Toys,268.39,1,0,Mobile App,iPad,Debit Card,OnTrac,1,0
ORD000647,CUST00148,2025-06-01,Home & Kitchen,71.53,0,0,Mobile App,Android,Crypto,UPS,1,0
ORD000648,CUST00148,2024-05-25,Tools,208.49,1,0,Web Browser,iPhone,Debit Card,FedEx,0,0
ORD000649,CUST00148,2024-08-28,Books,18.86,1,0,Tablet App,Android,Gift Card,DHL,1,0
ORD000650,CUST00148,2024-04-20,Beauty,7.43,1,0,Mobile App,iPad,Crypto,USPS,1,0
ORD000651,CUST00149,2025-04-25,Jewelry,111.55,0,0,Web Browser,iPad,Crypto,DHL,1,0
ORD000652,CUST00150,2025-01-18,Jewelry,234.07,0,0,Mobile App,Android,Buy Now Pay Later,DHL,0,0
ORD000653,CUST00150,2024-10-12,Electronics,102.59,1,0,Mobile App,MacBook,Buy Now Pay Later,OnTrac,1,0
ORD000654,CUST00151,2025-06-13,Clothing,60.66,0,0,Web Browser,Android,Crypto,FedEx,1,0
ORD000655,CUST00151,2025-03-22,Furniture,61.62,0,0,Web Browser,Android,Buy Now Pay Later,UPS,1,0
ORD000656,CUST00151,2024-03-14,Electronics,246.28,1,0,Tablet App,iPad,Buy Now Pay Later,DHL,0,0
ORD000657,CUST00151,2025-02-13,Clothing,93.48,0,0,Tablet App,iPhone,Credit Card,OnTrac,1,1
ORD000658,CUST00151,2025-02-01,Toys,42.91,0,0,Web Browser,Android,Credit Card,USPS,1,0
ORD000659,CUST00151,2024-07-07,Furniture,133.31,0,0,Tablet App,iPhone,Debit Card,FedEx,1,0
ORD000660,CUST00152,2025-04-15,Books,56.9,0,0,Mobile App,MacBook,Crypto,FedEx,1,0
ORD000661,CUST00152,2025-02-25,Toys,176.09,0,0,Tablet App,Windows PC,Crypto,UPS,1,1
ORD000662,CUST00152,2025-07-25,Toys,140.58,0,0,Web Browser,Windows PC,Debit Card,OnTrac,1,0
ORD000663,CUST00152,2025-02-24,Tools,210.35,1,0,Web Browser,Android,Crypto,DHL,1,0
ORD000664,CUST00153,2025-01-20,Furniture,14.16,0,0,Tablet App,Windows PC,Gift Card,UPS,1,0
ORD000665,CUST00153,2024-05-31,Electronics,119.14,0,0,Web Browser,Windows PC,Credit Card,USPS,1,0
ORD000666,CUST00153,2024-06-23,Jewelry,95.75,0,0,Mobile App,iPhone,PayPal,USPS,1,0
ORD000667,CUST00153,2025-08-11,Books,5.0,1,0,Mobile App,iPhone,PayPal,UPS,1,0
ORD000668,CUST00154,2025-03-22,Books,285.97,0,0,Mobile App,Android,Debit Card,UPS,1,0
ORD000669,CUST00154,2024-06-16,Clothing,257.38,0,0,Mobile App,iPad,Crypto,FedEx,1,0
ORD000670,CUST00154,2024-04-25,Books,244.28,1,0,Mobile App,MacBook,Gift Card,OnTrac,1,0
ORD000671,CUST00154,2024-03-01,Electronics,210.4,0,0,Tablet App,Android,Buy Now Pay Later,FedEx,1,0
ORD000672,CUST00155,2024-07-26,Electronics,30.89,1,0,Tablet App,MacBook,Credit Card,FedEx,1,0
ORD000673,CUST00155,2025-03-03,Toys,5.0,1,0,Tablet App,iPad,Crypto,USPS,1,0
ORD000674,CUST00155,2024-07-28,Grocery,110.69,1,0,Tablet App,iPad,Crypto,FedEx,1,0
ORD000675,CUST00155,2024-07-20,Clothing,216.95,1,0,Tablet App,iPad,PayPal,USPS,1,0
ORD000676,CUST00156,2024-04-26,Books,38.61,0,0,Web Browser,iPad,Debit Card,UPS,1,0
ORD000677,CUST00156,2025-06-03,Toys,236.17,0,0,Tablet App,Windows PC,PayPal,DHL,1,0
ORD000678,CUST00156,2025-03-07,Beauty,234.84,1,0,Web Browser,iPhone,Crypto,OnTrac,1,0
ORD000679,CUST00157,2024-09-10,Grocery,203.82,0,0,Web Browser,MacBook,Credit Card,OnTrac,1,0
ORD000680,CUST00157,2024-02-07,Toys,122.62,0,0,Tablet App,iPhone,Buy Now Pay Later,DHL,1,0
ORD000681,CUST00157,2025-07-20,Toys,142.55,1,0,Web Browser,Windows PC,Buy Now Pay Later,DHL,1,0
ORD000682,CUST00158,2024-03-30,Electronics,73.0,0,0,Mobile App,MacBook,PayPal,USPS,1,0
ORD000683,CUST00158,2025-01-11,Furniture,62.19,0,0,Web Browser,Android,PayPal,DHL,1,0
ORD000684,CUST00158,2025-03-30,Jewelry,323.13,0,1,Web Browser,MacBook,Buy Now Pay Later,DHL,1,0
ORD000685,CUST00158,2024-10-27,Clothing,38.01,0,0,Web Browser,Android,Credit Card,UPS,1,0
ORD000686,CUST00158,2024-03-12,Clothing,71.3,0,0,Tablet App,Windows PC,Gift Card,UPS,1,0
ORD000687,CUST00159,2025-08-04,Jewelry,95.84,0,0,Tablet App,Android,Credit Card,OnTrac,1,0
ORD000688,CUST00159,2024-05-23,Clothing,117.55,0,0,Tablet App,Android,Credit Card,UPS,1,0
ORD000689,CUST00159,2025-03-18,Clothing,74.48,0,0,Mobile App,Android,Debit Card,OnTrac,1,0
ORD000690,CUST00159,2024-01-20,Sports,87.16,0,0,Web Browser,iPad,PayPal,DHL,1,0
ORD000691,CUST00159,2024-04-28,Electronics,105.95,1,0,Mobile App,MacBook,Buy Now Pay Later,USPS,1,1
ORD000692,CUST00159,2024-02-25,Beauty,46.74,1,0,Tablet App,Android,Buy Now Pay Later,UPS,1,0
ORD000693,CUST00159,2024-07-12,Jewelry,130.23,1,0,Mobile App,Android,Credit Card,UPS,1,0
ORD000694,CUST00159,2024-09-20,Home & Kitchen,160.01,0,0,Web Browser,Windows PC,Debit Card,USPS,1,0
ORD000695,CUST00160,2024-03-29,Grocery,119.93,1,0,Tablet App,iPad,Gift Card,DHL,0,0
ORD000696,CUST00160,2024-03-07,Shoes,5.0,0,0,Tablet App,iPhone,Buy Now Pay Later,UPS,1,0
ORD000697,CUST00160,2025-03-11,Clothing,124.91,1,0,Web Browser,MacBook,Gift Card,UPS,1,0
ORD000698,CUST00160,2024-04-16,Beauty,25.91,0,0,Mobile App,MacBook,Buy Now Pay Later,USPS,1,0
ORD000699,CUST00160,2024-03-08,Clothing,86.11,0,0,Mobile App,iPhone,Gift Card,FedEx,1,0
ORD000700,CUST00160,2025-02-09,Tools,148.75,1,0,Web Browser,Windows PC,Credit Card,OnTrac,1,0
ORD000701,CUST00160,2024-01-23,Books,108.34,1,0,Mobile App,Android,Credit Card,DHL,1,0
ORD000702,CUST00161,2025-01-13,Jewelry,62.6,0,0,Mobile App,iPad,Credit Card,UPS,1,0
ORD000703,CUST00161,2024-03-24,Tools,171.38,0,0,Web Browser,Android,Buy Now Pay Later,OnTrac,1,0
ORD000704,CUST00161,2024-02-18,Beauty,165.33,0,0,Mobile App,iPhone,Buy Now Pay Later,DHL,1,0
ORD000705,CUST00161,2024-10-30,Sports,124.79,0,0,Web Browser,iPad,Crypto,OnTrac,1,0
ORD000706,CUST00161,2025-08-01,Furniture,100.78,0,0,Web Browser,iPhone,Credit Card,DHL,1,0
ORD000707,CUST00161,2025-02-20,Electronics,251.22,1,0,Tablet App,iPhone,Credit Card,DHL,1,0
ORD000708,CUST00161,2024-10-22,Tools,155.03,1,0,Web Browser,Android,Debit Card,UPS,1,1
ORD000709,CUST00162,2024-12-09,Tools,90.51,0,0,Web Browser,Android,Gift Card,FedEx,1,0
ORD000710,CUST00162,2025-06-04,Tools,5.0,0,0,Tablet App,Windows PC,Debit Card,FedEx,1,0
ORD000711,CUST00162,2024-03-01,Toys,208.96,1,0,Tablet App,iPad,Debit Card,FedEx,1,0
ORD000712,CUST00162,2025-06-22,Electronics,128.66,0,0,Mobile App,Android,Gift Card,DHL,1,0
ORD000713,CUST00162,2024-04-07,Books,150.92,0,0,Web Browser,iPhone,Credit Card,DHL,1,1
ORD000714,CUST00162,2025-01-17,Grocery,160.11,0,0,Web Browser,iPad,Debit Card,USPS,1,0
ORD000715,CUST00162,2025-02-12,Shoes,219.56,1,0,Mobile App,MacBook,Buy Now Pay Later,OnTrac,1,0
ORD000716,CUST00163,2024-07-25,Grocery,127.58,0,0,Tablet App,iPad,Crypto,UPS,1,0
ORD000717,CUST00163,2025-01-19,Beauty,105.61,0,0,Mobile App,MacBook,Debit Card,FedEx,1,0
ORD000718,CUST00164,2025-02-15,Toys,197.47,1,0,Mobile App,Android,PayPal,UPS,1,0
ORD000719,CUST00164,2025-08-07,Home & Kitchen,176.79,1,0,Mobile App,MacBook,Gift Card,FedEx,1,0
ORD000720,CUST00164,2025-06-06,Electronics,44.15,0,0,Mobile App,Android,Crypto,FedEx,1,0
ORD000721,CUST00164,2024-10-08,Home & Kitchen,47.1,0,0,Mobile App,iPhone,PayPal,OnTrac,1,0
ORD000722,CUST00164,2024-11-25,Shoes,97.3,1,0,Mobile App,Android,Buy Now Pay Later,FedEx,1,0
ORD000723,CUST00164,2025-06-23,Grocery,295.7,0,0,Tablet App,iPad,Gift Card,DHL,1,0
ORD000724,CUST00164,2025-08-10,Clothing,192.26,1,0,Tablet App,Android,Debit Card,DHL,1,0
ORD000725,CUST00165,2024-03-22,Sports,111.67,0,0,Web Browser,Windows PC,Credit Card,DHL,1,0
ORD000726,CUST00165,2024-01-15,Furniture,90.36,0,0,Web Browser,Android,Crypto,FedEx,1,0
ORD000727,CUST00165,2024-01-17,Sports,221.16,0,0,Tablet App,Windows PC,Buy Now Pay Later,OnTrac,1,0
ORD000728,CUST00165,2024-03-31,Grocery,108.87,0,0,Tablet App,MacBook,Crypto,FedEx,1,0
ORD000729,CUST00165,2024-03-23,Clothing,135.99,0,0,Mobile App,Android,Gift Card,UPS,1,0
ORD000730,CUST00166,2024-07-22,Home & Kitchen,136.7,1,0,Tablet App,iPhone,Crypto,UPS,1,0
ORD000731,CUST00166,2024-12-08,Jewelry,125.64,0,0,Web Browser,iPad,Gift Card,DHL,1,0
ORD000732,CUST00166,2024-02-21,Shoes,5.0,0,0,Web Browser,iPad,Buy Now Pay Later,UPS,1,0
ORD000733,CUST00166,2024-08-22,Tools,5.0,1,0,Web Browser,iPad,Crypto,UPS,1,0
ORD000734,CUST00166,2024-03-13,Books,178.58,0,0,Tablet App,iPhone,PayPal,USPS,1,0
ORD000735,CUST00166,2025-02-04,Jewelry,182.38,0,0,Web Browser,Android,PayPal,DHL,1,0
ORD000736,CUST00167,2025-06-30,Tools,90.43,1,0,Tablet App,Windows PC,Credit Card,UPS,1,0
ORD000737,CUST00168,2025-07-08,Grocery,44.67,0,0,Web Browser,Android,Crypto,UPS,1,0
ORD000738,CUST00168,2025-06-30,Electronics,31.75,0,0,Mobile App,iPhone,Debit Card,USPS,1,0
ORD000739,CUST00168,2025-01-18,Tools,163.1,0,0,Tablet App,iPhone,PayPal,OnTrac,1,0
ORD000740,CUST00169,2025-04-28,Beauty,237.83,0,0,Tablet App,iPad,Gift Card,DHL,0,0
ORD000741,CUST00169,2025-03-21,Beauty,248.0,0,0,Tablet App,iPhone,Gift Card,DHL,1,0
ORD000742,CUST00169,2024-06-17,Jewelry,119.29,0,0,Tablet App,MacBook,Debit Card,FedEx,0,0
ORD000743,CUST00169,2025-04-12,Shoes,38.78,1,0,Tablet App,Android,Debit Card,OnTrac,1,1
ORD000744,CUST00169,2024-07-23,Jewelry,40.59,1,0,Web Browser,iPad,Crypto,USPS,1,0
ORD000745,CUST00169,2024-06-27,Toys,177.16,1,0,Mobile App,Android,Credit Card,DHL,0,0
ORD000746,CUST00169,2024-06-06,Grocery,217.25,0,0,Mobile App,iPhone,Debit Card,FedEx,0,0
ORD000747,CUST00169,2024-04-13,Home & Kitchen,5.0,0,0,Web Browser,iPhone,Debit Card,DHL,1,0
ORD000748,CUST00169,2024-11-26,Jewelry,209.56,1,0,Tablet App,Windows PC,Credit Card,DHL,0,1
ORD000749,CUST00169,2024-04-14,Home & Kitchen,81.72,0,0,Tablet App,iPad,Crypto,FedEx,1,0
ORD000750,CUST00170,2024-01-04,Furniture,64.56,0,0,Mobile App,iPad,Credit Card,UPS,1,0
ORD000751,CUST00170,2024-04-20,Tools,145.34,1,0,Web Browser,iPhone,Gift Card,DHL,1,0
ORD000752,CUST00170,2025-02-07,Furniture,5.0,1,0,Tablet App,iPad,PayPal,USPS,1,0
ORD000753,CUST00170,2024-11-29,Clothing,223.51,1,0,Tablet App,MacBook,Credit Card,UPS,1,0
ORD000754,CUST00170,2025-06-17,Grocery,86.6,0,0,Web Browser,iPad,Buy Now Pay Later,OnTrac,1,0
ORD000755,CUST00170,2024-03-11,Beauty,10.34,0,0,Web Browser,iPad,Debit Card,USPS,0,0
ORD000756,CUST00170,2024-04-13,Books,115.91,0,0,Mobile App,iPad,Debit Card,USPS,1,0
ORD000757,CUST00171,2025-04-07,Shoes,5.0,0,0,Mobile App,iPhone,Buy Now Pay Later,UPS,0,0
ORD000758,CUST00171,2024-12-08,Shoes,120.15,0,0,Tablet App,iPhone,Gift Card,USPS,1,1
ORD000759,CUST00171,2024-05-31,Grocery,99.77,0,0,Tablet App,iPhone,Buy Now Pay Later,FedEx,1,0
ORD000760,CUST00171,2024-01-21,Books,100.78,1,0,Mobile App,Android,Debit Card,FedEx,0,0
ORD000761,CUST00171,2025-02-25,Electronics,71.45,0,0,Tablet App,MacBook,PayPal,DHL,1,0
ORD000762,CUST00171,2024-02-21,Grocery,5.0,0,0,Mobile App,iPad,Buy Now Pay Later,DHL,1,0
ORD000763,CUST00172,2024-04-10,Sports,97.38,0,0,Tablet App,Android,PayPal,USPS,1,0
ORD000764,CUST00172,2025-03-25,Electronics,104.37,0,0,Tablet App,Windows PC,Buy Now Pay Later,DHL,1,0
ORD000765,CUST00172,2025-03-11,Beauty,189.98,1,0,Web Browser,Windows PC,Debit Card,OnTrac,1,0
ORD000766,CUST00172,2025-01-08,Furniture,5.0,1,0,Tablet App,iPad,Gift Card,DHL,1,0
ORD000767,CUST00172,2024-09-19,Jewelry,151.34,0,0,Web Browser,Windows PC,PayPal,FedEx,0,0
ORD000768,CUST00172,2025-08-02,Home & Kitchen,105.04,1,0,Web Browser,Windows PC,Credit Card,DHL,1,0
ORD000769,CUST00173,2025-01-18,Clothing,91.81,1,0,Tablet App,MacBook,PayPal,UPS,1,0
ORD000770,CUST00173,2025-07-01,Home & Kitchen,255.71,0,0,Mobile App,MacBook,Credit Card,UPS,1,0
ORD000771,CUST00173,2024-08-30,Jewelry,233.4,1,0,Tablet App,iPad,PayPal,OnTrac,1,0
ORD000772,CUST00174,2024-03-25,Electronics,205.91,0,0,Web Browser,Windows PC,Gift Card,UPS,1,0
ORD000773,CUST00174,2024-05-18,Furniture,198.14,0,0,Web Browser,Android,Gift Card,FedEx,1,0
ORD000774,CUST00174,2025-05-01,Furniture,215.07,0,0,Tablet App,iPhone,Credit Card,UPS,1,0
ORD000775,CUST00174,2024-08-27,Tools,5.0,1,0,Web Browser,iPad,PayPal,DHL,1,0
ORD000776,CUST00174,2024-10-07,Books,109.27,0,0,Tablet App,iPad,Credit Card,OnTrac,1,0
ORD000777,CUST00174,2024-08-22,Shoes,196.25,0,0,Tablet App,iPhone,Gift Card,UPS,1,0
ORD000778,CUST00175,2024-03-22,Toys,95.2,0,0,Tablet App,Windows PC,PayPal,UPS,1,0
ORD000779,CUST00175,2024-01-17,Electronics,204.13,0,0,Mobile App,iPad,Buy Now Pay Later,DHL,1,0
ORD000780,CUST00176,2025-07-23,Tools,53.15,1,0,Mobile App,iPad,Gift Card,FedEx,1,0
ORD000781,CUST00176,2024-02-17,Furniture,292.22,0,0,Tablet App,Windows PC,Credit Card,FedEx,1,0
ORD000782,CUST00176,2024-08-09,Sports,52.4,1,0,Web Browser,MacBook,Debit Card,FedEx,1,0
ORD000783,CUST00177,2024-01-29,Shoes,100.26,1,0,Web Browser,MacBook,PayPal,OnTrac,1,0
ORD000784,CUST00177,2025-07-20,Shoes,278.77,0,0,Mobile App,Android,Debit Card,USPS,1,0
ORD000785,CUST00178,2024-02-24,Electronics,84.42,0,0,Web Browser,iPhone,Buy Now Pay Later,DHL,0,0
ORD000786,CUST00178,2024-04-16,Books,64.1,0,0,Mobile App,Android,Crypto,FedEx,1,0
ORD000787,CUST00178,2024-04-24,Grocery,213.37,0,0,Tablet App,Android,Buy Now Pay Later,DHL,1,0
ORD000788,CUST00178,2024-07-14,Toys,146.47,1,0,Web Browser,MacBook,Debit Card,USPS,1,0
ORD000789,CUST00179,2024-02-05,Shoes,153.18,1,0,Web Browser,iPhone,Buy Now Pay Later,FedEx,1,0
ORD000790,CUST00179,2024-04-17,Clothing,116.03,0,0,Web Browser,Windows PC,Credit Card,FedEx,1,0
ORD000791,CUST00179,2024-09-02,Grocery,198.39,0,0,Mobile App,iPhone,Credit Card,USPS,1,0
ORD000792,CUST00179,2025-07-08,Furniture,79.93,1,0,Mobile App,MacBook,Debit Card,FedEx,1,0
ORD000793,CUST00180,2024-10-23,Electronics,178.64,0,0,Tablet App,iPhone,Debit Card,UPS,1,0
ORD000794,CUST00180,2025-05-17,Clothing,130.59,0,0,Web Browser,iPad,Gift Card,DHL,1,0
ORD000795,CUST00180,2024-01-10,Toys,5.0,1,0,Mobile App,Windows PC,PayPal,OnTrac,1,0
ORD000796,CUST00180,2024-02-13,Tools,289.64,0,0,Tablet App,Android,Buy Now Pay Later,UPS,1,0
ORD000797,CUST00180,2025-03-05,Jewelry,5.0,1,0,Tablet App,Android,Buy Now Pay Later,OnTrac,1,0
ORD000798,CUST00180,2024-08-19,Sports,132.45,1,0,Tablet App,iPad,Debit Card,USPS,1,1
ORD000799,CUST00181,2024-08-09,Furniture,68.07,1,0,Web Browser,iPhone,Credit Card,DHL,0,0
ORD000800,CUST00181,2024-04-14,Electronics,214.69,1,0,Mobile App,Android,PayPal,UPS,1,0
ORD000801,CUST00181,2024-09-22,Electronics,111.54,1,0,Tablet App,Windows PC,Credit Card,UPS,1,0
ORD000802,CUST00181,2024-02-18,Grocery,5.0,0,0,Tablet App,iPhone,Buy Now Pay Later,UPS,1,0
ORD000803,CUST00182,2024-08-14,Jewelry,121.92,0,0,Web Browser,MacBook,PayPal,OnTrac,0,0
ORD000804,CUST00183,2025-07-18,Books,224.31,0,0,Web Browser,iPhone,Buy Now Pay Later,DHL,1,0
ORD000805,CUST00183,2024-08-06,Books,184.5,0,0,Mobile App,iPhone,Buy Now Pay Later,OnTrac,1,0
ORD000806,CUST00183,2025-03-17,Books,157.27,1,0,Tablet App,iPad,Crypto,FedEx,1,1
ORD000807,CUST00183,2024-11-02,Beauty,5.0,0,0,Mobile App,MacBook,Buy Now Pay Later,USPS,1,1
ORD000808,CUST00183,2025-04-20,Clothing,235.7,1,0,Tablet App,Windows PC,Buy Now Pay Later,DHL,1,0
ORD000809,CUST00183,2024-08-20,Shoes,280.88,1,0,Mobile App,Android,Buy Now Pay Later,OnTrac,1,0
ORD000810,CUST00184,2025-01-26,Electronics,254.59,0,0,Mobile App,iPad,Gift Card,UPS,1,0
ORD000811,CUST00184,2024-02-03,Clothing,149.39,1,0,Tablet App,Android,Gift Card,USPS,1,0
ORD000812,CUST00184,2024-05-26,Tools,109.62,1,0,Mobile App,Android,Crypto,UPS,1,0
ORD000813,CUST00184,2024-03-27,Tools,344.25,0,1,Web Browser,MacBook,Debit Card,UPS,1,0
ORD000814,CUST00184,2025-08-19,Beauty,226.32,1,0,Tablet App,Windows PC,Buy Now Pay Later,DHL,0,0
ORD000815,CUST00184,2024-06-25,Clothing,5.0,0,0,Web Browser,iPhone,Debit Card,DHL,1,0
ORD000816,CUST00184,2024-02-26,Furniture,78.54,0,0,Mobile App,MacBook,Buy Now Pay Later,FedEx,1,0
ORD000817,CUST00184,2024-06-03,Home & Kitchen,227.17,0,0,Tablet App,Android,Debit Card,FedEx,1,0
ORD000818,CUST00184,2024-11-22,Tools,98.39,0,0,Tablet App,Android,Crypto,DHL,1,0
ORD000819,CUST00185,2024-01-10,Grocery,156.42,1,0,Mobile App,iPhone,Credit Card,OnTrac,1,0
ORD000820,CUST00185,2024-03-20,Shoes,183.82,0,0,Web Browser,iPad,Buy Now Pay Later,DHL,1,0
ORD000821,CUST00185,2025-06-26,Electronics,65.2,1,0,Tablet App,Android,PayPal,UPS,1,0
ORD000822,CUST00185,2024-02-11,Shoes,151.88,1,0,Web Browser,iPhone,Gift Card,FedEx,1,0
ORD000823,CUST00185,2025-03-17,Sports,51.43,0,0,Mobile App,Android,Debit Card,DHL,1,0
ORD000824,CUST00185,2024-03-01,Clothing,188.63,1,0,Web Browser,MacBook,Crypto,DHL,1,0
ORD000825,CUST00185,2025-01-21,Home & Kitchen,99.39,0,0,Mobile App,Android,Gift Card,UPS,1,0
ORD000826,CUST00186,2024-11-13,Clothing,184.0,1,0,Mobile App,iPhone,Debit Card,OnTrac,1,0
ORD000827,CUST00186,2025-06-30,Furniture,85.88,0,0,Tablet App,iPhone,Credit Card,DHL,1,0
ORD000828,CUST00186,2024-03-04,Grocery,47.44,0,0,Tablet App,iPhone,Credit Card,FedEx,1,0
ORD000829,CUST00186,2024-02-09,Electronics,113.5,1,0,Web Browser,MacBook,Credit Card,DHL,1,0
ORD000830,CUST00187,2025-02-18,Home & Kitchen,249.16,0,0,Mobile App,Windows PC,Gift Card,OnTrac,1,0
ORD000831,CUST00188,2024-08-23,Tools,146.98,1,0,Mobile App,iPhone,Crypto,DHL,1,0
ORD000832,CUST00188,2024-01-27,Electronics,33.28,0,0,Tablet App,Windows PC,Gift Card,USPS,1,0
ORD000833,CUST00188,2025-08-10,Beauty,84.33,0,0,Tablet App,iPhone,Debit Card,USPS,1,0
ORD000834,CUST00188,2024-08-29,Sports,165.81,1,0,Tablet App,Android,Credit Card,USPS,1,0
ORD000835,CUST00189,2024-07-05,Shoes,5.0,1,0,Mobile App,iPhone,Gift Card,OnTrac,1,0
ORD000836,CUST00189,2025-01-14,Shoes,143.99,0,0,Web Browser,iPad,Debit Card,DHL,1,0
ORD000837,CUST00189,2024-07-30,Home & Kitchen,148.23,0,0,Mobile App,iPhone,Credit Card,USPS,1,0
ORD000838,CUST00189,2024-08-31,Beauty,5.0,0,0,Mobile App,iPhone,Gift Card,OnTrac,1,0
ORD000839,CUST00189,2024-02-17,Beauty,106.44,0,0,Web Browser,MacBook,PayPal,UPS,1,0
ORD000840,CUST00189,2024-10-27,Shoes,132.72,0,0,Tablet App,iPad,Crypto,UPS,1,0
ORD000841,CUST00189,2024-04-04,Shoes,120.15,0,0,Tablet App,Windows PC,Credit Card,UPS,1,0
ORD000842,CUST00189,2024-07-16,Electronics,231.57,1,0,Tablet App,iPhone,Credit Card,DHL,1,0
ORD000843,CUST00189,2025-07-12,Furniture,79.85,0,0,Web Browser,Android,PayPal,DHL,1,0
ORD000844,CUST00190,2025-05-17,Books,187.91,1,0,Tablet App,iPad,Buy Now Pay Later,FedEx,1,0
ORD000845,CUST00190,2025-02-12,Jewelry,33.28,1,0,Web Browser,MacBook,Debit Card,UPS,1,0
ORD000846,CUST00191,2024-01-31,Home & Kitchen,65.43,0,0,Tablet App,Windows PC,Crypto,UPS,1,0
ORD000847,CUST00191,2025-04-23,Home & Kitchen,117.13,0,0,Web Browser,iPhone,PayPal,UPS,1,0
ORD000848,CUST00191,2024-04-13,Furniture,144.75,0,0,Mobile App,iPad,Credit Card,UPS,1,0
ORD000849,CUST00191,2024-03-06,Toys,5.0,1,0,Web Browser,Windows PC,Buy Now Pay Later,UPS,1,0
ORD000850,CUST00191,2025-04-27,Clothing,139.68,1,0,Tablet App,iPhone,Buy Now Pay Later,USPS,1,0
ORD000851,CUST00191,2025-08-21,Clothing,204.62,1,0,Web Browser,Windows PC,Crypto,USPS,1,0
ORD000852,CUST00192,2025-08-22,Tools,136.32,0,0,Mobile App,Android,Credit Card,FedEx,1,0
ORD000853,CUST00192,2024-08-06,Grocery,132.06,0,0,Tablet App,Windows PC,Buy Now Pay Later,FedEx,1,0
ORD000854,CUST00193,2025-07-21,Home & Kitchen,81.37,1,0,Tablet App,iPad,Credit Card,FedEx,1,0
ORD000855,CUST00193,2024-01-12,Toys,51.83,0,0,Tablet App,Windows PC,Buy Now Pay Later,DHL,1,0
ORD000856,CUST00193,2025-04-10,Furniture,181.52,1,0,Tablet App,MacBook,Debit Card,FedEx,1,0
ORD000857,CUST00193,2025-03-17,Beauty,64.15,0,0,Web Browser,Android,Debit Card,FedEx,1,0
ORD000858,CUST00193,2025-06-12,Tools,80.86,0,0,Web Browser,Windows PC,Gift Card,FedEx,1,0
ORD000859,CUST00193,2024-02-29,Shoes,98.5,0,0,Mobile App,iPhone,Buy Now Pay Later,OnTrac,1,0
ORD000860,CUST00193,2025-06-13,Home & Kitchen,74.66,0,0,Web Browser,iPad,Crypto,UPS,1,0
ORD000861,CUST00193,2025-05-19,Sports,138.07,0,0,Web Browser,MacBook,Gift Card,DHL,1,0
ORD000862,CUST00193,2024-04-09,Books,141.01,0,0,Web Browser,Android,Buy Now Pay Later,UPS,1,0
ORD000863,CUST00193,2024-12-17,Electronics,57.75,1,0,Web Browser,iPhone,Debit Card,DHL,1,0
ORD000864,CUST00193,2024-03-14,Books,182.13,1,0,Tablet App,Android,Crypto,OnTrac,1,0
ORD000865,CUST00194,2024-06-26,Beauty,201.46,0,0,Mobile App,Android,Buy Now Pay Later,FedEx,1,0
ORD000866,CUST00194,2024-02-18,Jewelry,5.0,0,0,Mobile App,MacBook,Credit Card,FedEx,1,0
ORD000867,CUST00194,2024-12-23,Shoes,245.45,1,0,Web Browser,MacBook,Debit Card,FedEx,1,0
ORD000868,CUST00194,2025-06-28,Electronics,200.58,0,0,Web Browser,Windows PC,Crypto,UPS,1,0
ORD000869,CUST00194,2025-06-21,Books,173.15,0,0,Mobile App,iPhone,Buy Now Pay Later,FedEx,1,0
ORD000870,CUST00194,2024-10-05,Electronics,18.71,0,0,Tablet App,Android,Gift Card,DHL,1,0
ORD000871,CUST00195,2025-06-29,Grocery,5.0,1,0,Mobile App,Windows PC,Gift Card,UPS,1,0
ORD000872,CUST00195,2024-07-15,Books,13.45,0,0,Web Browser,Android,Gift Card,FedEx,1,0
ORD000873,CUST00195,2024-02-18,Shoes,226.83,0,0,Tablet App,Android,Buy Now Pay Later,DHL,1,0
ORD000874,CUST00196,2024-08-21,Clothing,186.49,1,0,Tablet App,MacBook,PayPal,UPS,1,0
ORD000875,CUST00196,2025-07-06,Books,59.79,1,0,Mobile App,iPhone,Crypto,USPS,1,0
ORD000876,CUST00196,2024-06-11,Toys,234.54,0,0,Tablet App,Windows PC,Crypto,DHL,1,0
ORD000877,CUST00196,2025-01-17,Toys,117.33,0,0,Web Browser,iPad,Buy Now Pay Later,DHL,1,0
ORD000878,CUST00196,2025-04-25,Jewelry,279.91,1,0,Mobile App,Android,Debit Card,UPS,1,0
ORD000879,CUST00196,2025-06-11,Sports,53.09,0,0,Mobile App,iPad,Crypto,USPS,1,0
ORD000880,CUST00197,2024-10-17,Furniture,94.98,1,0,Web Browser,iPhone,Credit Card,USPS,1,0
ORD000881,CUST00197,2024-09-23,Clothing,232.34,0,0,Tablet App,Android,Crypto,USPS,1,1
ORD000882,CUST00197,2024-02-20,Electronics,48.38,0,0,Mobile App,Windows PC,Gift Card,FedEx,1,0
ORD000883,CUST00197,2024-02-19,Electronics,186.05,1,0,Web Browser,Android,Buy Now Pay Later,DHL,1,0
ORD000884,CUST00197,2025-03-17,Furniture,71.64,0,0,Web Browser,iPhone,Credit Card,DHL,0,0
ORD000885,CUST00197,2024-11-25,Shoes,11.87,0,0,Web Browser,iPhone,Credit Card,DHL,1,0
ORD000886,CUST00198,2024-09-29,Books,130.11,0,0,Web Browser,MacBook,Credit Card,OnTrac,1,0
ORD000887,CUST00199,2025-08-22,Books,242.32,1,0,Web Browser,Windows PC,PayPal,OnTrac,1,0
ORD000888,CUST00199,2024-05-02,Books,446.0,1,1,Tablet App,Windows PC,Debit Card,UPS,1,0
ORD000889,CUST00199,2024-02-29,Books,116.12,0,0,Mobile App,Windows PC,Buy Now Pay Later,USPS,1,0
ORD000890,CUST00199,2025-05-28,Electronics,180.54,0,0,Web Browser,Windows PC,Buy Now Pay Later,DHL,1,0
ORD000891,CUST00199,2024-01-28,Furniture,146.62,0,0,Web Browser,MacBook,Gift Card,DHL,1,0
ORD000892,CUST00199,2024-08-04,Beauty,125.53,0,0,Mobile App,MacBook,Debit Card,FedEx,1,0
ORD000893,CUST00200,2025-03-22,Toys,68.97,1,0,Mobile App,iPhone,PayPal,OnTrac,1,0
ORD000894,CUST00200,2024-12-09,Jewelry,194.7,0,0,Mobile App,Windows PC,Gift Card,OnTrac,1,0
ORD000895,CUST00200,2024-12-06,Toys,99.37,0,0,Tablet App,MacBook,Gift Card,USPS,1,0
ORD000896,CUST00200,2025-05-09,Home & Kitchen,285.88,0,0,Mobile App,Windows PC,Credit Card,USPS,1,0
ORD000897,CUST00201,2024-11-03,Electronics,107.53,0,0,Mobile App,iPhone,Debit Card,FedEx,1,0
ORD000898,CUST00201,2024-08-19,Toys,26.74,1,0,Web Browser,Android,Gift Card,FedEx,1,0
ORD000899,CUST00202,2024-04-25,Grocery,268.26,1,0,Tablet App,iPhone,Debit Card,UPS,1,0
ORD000900,CUST00202,2024-09-05,Jewelry,211.0,1,0,Tablet App,MacBook,Credit Card,FedEx,1,0
ORD000901,CUST00202,2025-05-13,Books,279.43,1,0,Web Browser,Android,PayPal,OnTrac,1,0
ORD000902,CUST00202,2024-02-25,Toys,5.0,1,0,Mobile App,iPad,Debit Card,DHL,1,0
ORD000903,CUST00202,2024-10-01,Grocery,275.51,0,0,Web Browser,Android,PayPal,FedEx,0,0
ORD000904,CUST00202,2025-01-03,Beauty,105.9,1,0,Tablet App,iPad,Debit Card,FedEx,1,0
ORD000905,CUST00203,2024-03-09,Beauty,120.05,1,0,Web Browser,iPad,Debit Card,USPS,1,0
ORD000906,CUST00203,2025-06-14,Electronics,152.64,1,0,Mobile App,Windows PC,Crypto,USPS,1,0
ORD000907,CUST00203,2024-11-28,Sports,260.2,1,0,Web Browser,iPhone,Gift Card,UPS,1,0
ORD000908,CUST00203,2024-08-23,Grocery,29.97,0,0,Web Browser,Android,Debit Card,FedEx,1,0
ORD000909,CUST00203,2024-10-22,Jewelry,127.1,1,0,Mobile App,MacBook,Crypto,FedEx,1,0
ORD000910,CUST00203,2025-05-21,Shoes,209.35,0,0,Tablet App,MacBook,Credit Card,USPS,1,0
ORD000911,CUST00204,2024-12-17,Clothing,5.0,0,0,Tablet App,Android,Crypto,UPS,1,0
ORD000912,CUST00204,2025-07-14,Clothing,145.28,1,0,Mobile App,MacBook,Debit Card,UPS,1,0
ORD000913,CUST00204,2025-04-07,Electronics,100.11,1,0,Mobile App,MacBook,PayPal,FedEx,1,0
ORD000914,CUST00204,2025-07-01,Furniture,5.0,1,0,Tablet App,Android,Buy Now Pay Later,UPS,1,0
ORD000915,CUST00205,2024-09-02,Toys,80.24,1,0,Tablet App,iPad,Gift Card,UPS,1,0
ORD000916,CUST00205,2025-08-16,Beauty,158.52,1,0,Tablet App,iPhone,Debit Card,USPS,1,0
ORD000917,CUST00205,2024-11-19,Jewelry,85.36,0,0,Web Browser,Windows PC,Debit Card,UPS,1,0
ORD000918,CUST00205,2025-01-01,Tools,74.17,1,0,Mobile App,iPhone,Gift Card,FedEx,1,1
ORD000919,CUST00205,2025-04-01,Sports,169.39,0,0,Mobile App,iPhone,Debit Card,UPS,1,0
ORD000920,CUST00205,2024-07-01,Books,169.49,0,0,Mobile App,iPhone,Crypto,FedEx,1,0
ORD000921,CUST00205,2024-07-20,Home & Kitchen,198.89,0,0,Web Browser,Windows PC,Buy Now Pay Later,UPS,1,0
ORD000922,CUST00206,2024-11-13,Clothing,48.36,1,0,Tablet App,Windows PC,Gift Card,USPS,1,0
ORD000923,CUST00206,2024-07-08,Books,99.55,0,0,Web Browser,Android,Credit Card,FedEx,1,0
ORD000924,CUST00206,2025-02-08,Sports,85.06,1,0,Mobile App,MacBook,Debit Card,UPS,1,0
ORD000925,CUST00206,2024-06-25,Jewelry,167.61,1,0,Tablet App,MacBook,Buy Now Pay Later,OnTrac,1,0
ORD000926,CUST00206,2025-02-20,Tools,200.85,0,0,Tablet App,Windows PC,Buy Now Pay Later,UPS,1,0
ORD000927,CUST00207,2025-03-14,Tools,232.17,0,0,Tablet App,iPhone,Crypto,UPS,1,0
ORD000928,CUST00207,2025-01-09,Toys,76.46,0,0,Web Browser,Windows PC,Crypto,USPS,1,0
ORD000929,CUST00207,2024-03-21,Shoes,123.19,0,0,Tablet App,iPad,Gift Card,OnTrac,1,0
ORD000930,CUST00207,2025-01-24,Electronics,146.19,0,0,Web Browser,Android,Crypto,UPS,1,0
ORD000931,CUST00208,2024-03-01,Furniture,165.63,0,0,Web Browser,iPad,PayPal,DHL,1,0
ORD000932,CUST00209,2024-08-09,Home & Kitchen,190.6,1,0,Web Browser,iPhone,PayPal,USPS,1,0
ORD000933,CUST00209,2025-05-25,Books,144.87,1,0,Web Browser,iPhone,Gift Card,USPS,1,0
ORD000934,CUST00209,2024-05-15,Shoes,159.55,0,0,Web Browser,MacBook,Gift Card,USPS,1,0
ORD000935,CUST00209,2024-08-16,Sports,52.42,0,0,Tablet App,Android,PayPal,OnTrac,1,0
ORD000936,CUST00209,2024-05-21,Tools,105.59,1,0,Web Browser,iPad,Gift Card,UPS,1,0
ORD000937,CUST00210,2024-03-23,Toys,229.66,1,0,Web Browser,iPad,Gift Card,UPS,1,0
ORD000938,CUST00210,2025-03-24,Toys,5.0,0,0,Tablet App,iPhone,Gift Card,OnTrac,1,0
ORD000939,CUST00210,2024-07-26,Clothing,223.44,1,0,Tablet App,iPad,Gift Card,UPS,1,1
ORD000940,CUST00210,2025-04-28,Furniture,157.66,0,0,Web Browser,iPhone,Crypto,FedEx,1,0
ORD000941,CUST00210,2024-10-21,Beauty,132.5,1,0,Tablet App,Windows PC,PayPal,FedEx,1,0
ORD000942,CUST00211,2024-10-10,Beauty,21.98,1,0,Mobile App,Windows PC,Debit Card,USPS,1,0
ORD000943,CUST00211,2025-05-12,Jewelry,75.94,1,0,Tablet App,iPhone,Crypto,USPS,1,0
ORD000944,CUST00212,2024-06-12,Clothing,81.45,0,0,Web Browser,iPad,Credit Card,USPS,1,0
ORD000945,CUST00212,2024-09-13,Clothing,5.0,0,0,Web Browser,MacBook,PayPal,UPS,1,0
ORD000946,CUST00212,2025-04-22,Beauty,44.41,0,0,Web Browser,iPhone,Gift Card,OnTrac,1,0
ORD000947,CUST00212,2025-01-20,Jewelry,295.34,1,0,Tablet App,iPhone,Credit Card,USPS,1,0
ORD000948,CUST00212,2025-05-05,Jewelry,200.34,1,0,Tablet App,Windows PC,Crypto,OnTrac,1,0
ORD000949,CUST00213,2025-08-15,Furniture,172.75,0,0,Mobile App,Windows PC,PayPal,USPS,1,0
ORD000950,CUST00213,2024-08-27,Clothing,93.03,0,0,Mobile App,Windows PC,Credit Card,UPS,1,0
ORD000951,CUST00213,2024-12-07,Books,101.5,1,0,Web Browser,iPad,Gift Card,UPS,1,0
ORD000952,CUST00213,2024-08-25,Grocery,143.9,0,0,Web Browser,Windows PC,Debit Card,USPS,1,0
ORD000953,CUST00214,2024-11-15,Clothing,198.72,1,0,Tablet App,MacBook,Buy Now Pay Later,UPS,1,0
ORD000954,CUST00214,2024-07-17,Home & Kitchen,147.86,0,0,Tablet App,iPad,Buy Now Pay Later,DHL,1,0
ORD000955,CUST00214,2024-07-24,Tools,227.07,0,0,Mobile App,Android,PayPal,USPS,1,0
ORD000956,CUST00214,2025-02-07,Furniture,5.0,0,0,Web Browser,Windows PC,Buy Now Pay Later,USPS,1,0
ORD000957,CUST00214,2024-11-15,Grocery,238.34,0,0,Mobile App,Windows PC,Buy Now Pay Later,DHL,1,0
ORD000958,CUST00215,2025-02-16,Electronics,5.0,0,0,Web Browser,iPhone,Credit Card,OnTrac,1,0
ORD000959,CUST00215,2024-08-23,Clothing,74.38,1,0,Web Browser,MacBook,Buy Now Pay Later,USPS,1,0
ORD000960,CUST00215,2024-11-26,Sports,15.39,0,0,Web Browser,MacBook,PayPal,OnTrac,1,0
ORD000961,CUST00215,2025-07-12,Grocery,131.54,1,0,Web Browser,iPhone,Gift Card,USPS,1,0
ORD000962,CUST00215,2024-02-06,Tools,8.52,0,0,Web Browser,Windows PC,Crypto,DHL,1,0
ORD000963,CUST00216,2024-11-14,Tools,164.71,1,0,Mobile App,iPad,Crypto,UPS,1,0
ORD000964,CUST00216,2024-01-23,Electronics,74.69,0,0,Mobile App,MacBook,Buy Now Pay Later,DHL,1,0
ORD000965,CUST00216,2024-08-02,Toys,84.63,0,0,Mobile App,Android,Buy Now Pay Later,OnTrac,0,0
ORD000966,CUST00216,2025-04-25,Tools,71.5,0,0,Mobile App,Android,Buy Now Pay Later,USPS,1,0
ORD000967,CUST00216,2024-11-29,Jewelry,135.58,0,0,Tablet App,iPad,PayPal,OnTrac,0,0
ORD000968,CUST00216,2025-07-10,Grocery,117.05,1,0,Web Browser,Windows PC,Gift Card,OnTrac,1,1
ORD000969,CUST00217,2025-01-12,Furniture,122.16,0,0,Tablet App,Windows PC,Credit Card,USPS,1,0
ORD000970,CUST00217,2025-07-21,Furniture,5.0,1,0,Tablet App,Windows PC,Credit Card,OnTrac,1,0
ORD000971,CUST00217,2024-02-28,Shoes,155.86,0,0,Web Browser,MacBook,Gift Card,DHL,1,0
ORD000972,CUST00217,2024-06-20,Books,96.65,0,0,Web Browser,Windows PC,Crypto,USPS,1,0
ORD000973,CUST00217,2024-05-09,Sports,135.49,1,0,Tablet App,iPad,Crypto,FedEx,1,0
ORD000974,CUST00217,2024-01-17,Toys,164.54,0,0,Tablet App,Windows PC,Buy Now Pay Later,DHL,1,0
ORD000975,CUST00217,2025-04-04,Furniture,128.58,0,0,Web Browser,MacBook,Buy Now Pay Later,FedEx,1,0
ORD000976,CUST00218,2024-04-25,Jewelry,217.85,1,0,Mobile App,Android,PayPal,UPS,1,0
ORD000977,CUST00218,2024-08-05,Books,152.01,1,0,Mobile App,iPad,Crypto,DHL,1,0
ORD000978,CUST00218,2024-11-12,Books,165.84,1,0,Web Browser,Windows PC,Crypto,FedEx,1,0
ORD000979,CUST00218,2024-05-04,Home & Kitchen,66.15,0,0,Mobile App,iPad,Gift Card,FedEx,1,0
ORD000980,CUST00218,2025-03-07,Home & Kitchen,31.47,1,0,Mobile App,iPhone,Gift Card,FedEx,1,0
ORD000981,CUST00219,2025-08-03,Jewelry,66.19,1,0,Mobile App,Android,Debit Card,USPS,1,0
ORD000982,CUST00219,2025-07-03,Books,127.47,1,0,Tablet App,Android,Buy Now Pay Later,USPS,1,0
ORD000983,CUST00219,2025-06-11,Toys,52.62,0,0,Mobile App,Windows PC,PayPal,OnTrac,1,0
ORD000984,CUST00219,2024-03-04,Clothing,74.05,1,0,Tablet App,iPad,Buy Now Pay Later,UPS,1,0
ORD000985,CUST00219,2024-02-11,Jewelry,249.28,1,0,Mobile App,Android,Credit Card,OnTrac,1,0
ORD000986,CUST00219,2024-06-11,Books,38.62,1,0,Tablet App,Windows PC,Gift Card,UPS,1,0
ORD000987,CUST00220,2024-02-19,Books,81.28,1,0,Mobile App,Android,Crypto,USPS,1,0
ORD000988,CUST00221,2025-08-20,Books,23.86,0,0,Mobile App,iPad,Debit Card,UPS,1,0
ORD000989,CUST00221,2025-08-01,Furniture,174.22,0,0,Mobile App,iPhone,Gift Card,USPS,1,0
ORD000990,CUST00222,2024-01-25,Books,148.25,0,0,Tablet App,iPhone,Gift Card,DHL,1,0
ORD000991,CUST00222,2025-08-14,Electronics,165.29,0,0,Web Browser,Android,PayPal,USPS,1,0
ORD000992,CUST00222,2025-06-25,Books,278.09,1,0,Tablet App,Windows PC,Debit Card,DHL,1,0
ORD000993,CUST00222,2024-06-08,Tools,223.92,0,0,Web Browser,Android,Debit Card,FedEx,0,0
ORD000994,CUST00222,2024-01-24,Furniture,171.27,0,0,Tablet App,Windows PC,PayPal,DHL,1,0
ORD000995,CUST00223,2024-09-10,Grocery,107.14,1,0,Web Browser,iPad,Crypto,FedEx,0,0
ORD000996,CUST00223,2024-06-09,Furniture,57.93,0,0,Tablet App,Android,Crypto,OnTrac,1,0
ORD000997,CUST00223,2025-03-16,Home & Kitchen,5.0,1,0,Mobile App,Android,Gift Card,UPS,1,0
ORD000998,CUST00223,2024-12-31,Beauty,247.33,0,0,Tablet App,Android,Crypto,FedEx,1,0
ORD000999,CUST00223,2025-02-03,Electronics,32.14,1,0,Web Browser,iPad,Debit Card,DHL,1,0
ORD001000,CUST00223,2025-07-22,Tools,107.76,1,0,Tablet App,Windows PC,Crypto,USPS,1,0
ORD001001,CUST00223,2025-04-03,Tools,177.45,1,0,Mobile App,iPhone,PayPal,OnTrac,1,0
ORD001002,CUST00224,2024-05-26,Beauty,5.0,0,0,Tablet App,MacBook,Crypto,OnTrac,1,0
ORD001003,CUST00224,2024-10-29,Electronics,142.32,1,0,Mobile App,Android,PayPal,USPS,1,0
ORD001004,CUST00224,2024-08-06,Sports,5.0,0,0,Web Browser,Windows PC,Buy Now Pay Later,USPS,1,0
ORD001005,CUST00224,2025-03-06,Electronics,107.0,1,0,Tablet App,Windows PC,Buy Now Pay Later,UPS,1,0
ORD001006,CUST00224,2024-10-23,Home & Kitchen,5.0,1,0,Web Browser,MacBook,Credit Card,OnTrac,1,0
ORD001007,CUST00224,2024-09-11,Furniture,5.0,0,0,Web Browser,iPhone,Crypto,OnTrac,1,0
ORD001008,CUST00225,2024-05-11,Grocery,151.72,0,0,Tablet App,MacBook,Gift Card,OnTrac,1,0
ORD001009,CUST00225,2025-02-01,Sports,140.0,0,0,Mobile App,iPhone,Crypto,DHL,1,0
ORD001010,CUST00225,2025-05-06,Books,93.4,0,0,Web Browser,Windows PC,Credit Card,FedEx,1,0
ORD001011,CUST00226,2025-04-25,Beauty,139.38,0,0,Web Browser,Windows PC,Gift Card,UPS,1,0
ORD001012,CUST00226,2024-09-21,Grocery,78.79,0,0,Mobile App,iPhone,Crypto,FedEx,1,0
ORD001013,CUST00226,2024-12-12,Sports,284.25,0,0,Tablet App,MacBook,Crypto,USPS,1,0
ORD001014,CUST00226,2024-05-10,Jewelry,5.0,0,0,Web Browser,Windows PC,PayPal,USPS,1,0
ORD001015,CUST00226,2025-02-21,Grocery,161.75,0,0,Web Browser,Windows PC,Credit Card,UPS,1,0
ORD001016,CUST00226,2024-05-02,Furniture,136.64,0,0,Mobile App,iPhone,Buy Now Pay Later,OnTrac,1,0
ORD001017,CUST00227,2025-01-21,Books,99.63,0,0,Mobile App,Windows PC,Gift Card,USPS,1,0
ORD001018,CUST00227,2025-04-24,Furniture,5.0,0,0,Tablet App,iPad,Debit Card,USPS,1,0
ORD001019,CUST00227,2024-10-28,Sports,234.57,1,0,Web Browser,Windows PC,Gift Card,UPS,1,0
ORD001020,CUST00228,2024-07-17,Shoes,67.13,1,0,Tablet App,iPhone,Gift Card,FedEx,1,0
ORD001021,CUST00228,2024-01-15,Jewelry,98.9,0,0,Web Browser,Windows PC,Buy Now Pay Later,FedEx,1,0
ORD001022,CUST00229,2025-02-11,Sports,45.16,0,0,Mobile App,Windows PC,Crypto,USPS,1,0
ORD001023,CUST00230,2025-03-25,Jewelry,115.79,0,0,Mobile App,Android,Crypto,USPS,1,0
ORD001024,CUST00230,2025-02-28,Books,5.0,1,0,Tablet App,iPad,Gift Card,OnTrac,1,0
ORD001025,CUST00230,2024-02-04,Shoes,36.53,0,0,Mobile App,Windows PC,Credit Card,FedEx,1,0
ORD001026,CUST00231,2024-08-15,Sports,161.76,1,0,Mobile App,Android,Credit Card,DHL,1,0
ORD001027,CUST00231,2024-02-25,Books,201.46,1,0,Mobile App,MacBook,PayPal,FedEx,1,0
ORD001028,CUST00231,2025-03-04,Books,67.46,0,0,Mobile App,iPad,Crypto,FedEx,1,0
ORD001029,CUST00231,2024-11-06,Furniture,164.39,0,0,Web Browser,MacBook,Crypto,FedEx,1,0
ORD001030,CUST00231,2024-08-24,Beauty,123.46,1,0,Web Browser,iPad,Debit Card,UPS,1,0
ORD001031,CUST00232,2024-09-30,Home & Kitchen,308.59,0,1,Web Browser,MacBook,Credit Card,DHL,1,0
ORD001032,CUST00232,2025-03-16,Sports,45.51,0,0,Web Browser,Windows PC,Gift Card,FedEx,1,1
ORD001033,CUST00232,2024-12-24,Shoes,37.1,0,0,Tablet App,iPhone,Crypto,USPS,1,0
ORD001034,CUST00232,2024-07-14,Books,57.55,0,0,Mobile App,Windows PC,Buy Now Pay Later,FedEx,1,0
ORD001035,CUST00232,2024-06-07,Home & Kitchen,99.49,1,0,Web Browser,iPad,Crypto,USPS,1,0
ORD001036,CUST00232,2024-08-10,Shoes,140.1,0,0,Web Browser,Android,Crypto,DHL,1,0
ORD001037,CUST00232,2025-08-22,Toys,5.0,1,0,Mobile App,MacBook,Debit Card,UPS,1,0
ORD001038,CUST00232,2024-12-30,Sports,120.59,1,0,Mobile App,MacBook,Buy Now Pay Later,OnTrac,1,0
ORD001039,CUST00233,2025-04-30,Tools,275.25,0,0,Web Browser,iPhone,Debit Card,FedEx,1,0
ORD001040,CUST00233,2024-03-20,Electronics,119.53,1,0,Mobile App,MacBook,Credit Card,DHL,1,0
ORD001041,CUST00233,2024-03-17,Electronics,203.71,0,0,Web Browser,MacBook,Gift Card,FedEx,1,0
ORD001042,CUST00233,2024-01-16,Books,78.15,1,0,Mobile App,MacBook,Credit Card,OnTrac,1,0
ORD001043,CUST00234,2024-10-29,Books,38.32,1,0,Tablet App,Windows PC,Debit Card,UPS,1,0
ORD001044,CUST00234,2024-10-04,Electronics,126.19,0,0,Web Browser,iPad,Credit Card,FedEx,0,0
ORD001045,CUST00235,2024-06-02,Toys,84.56,0,0,Mobile App,Android,Crypto,DHL,1,0
ORD001046,CUST00235,2025-07-05,Shoes,21.22,0,0,Web Browser,Windows PC,PayPal,DHL,1,0
ORD001047,CUST00235,2024-09-02,Furniture,169.24,1,0,Mobile App,Android,Credit Card,UPS,1,0
ORD001048,CUST00235,2024-11-04,Sports,209.89,0,0,Tablet App,Android,Gift Card,OnTrac,1,0
ORD001049,CUST00235,2024-11-17,Electronics,183.59,1,0,Web Browser,MacBook,Gift Card,USPS,1,0
ORD001050,CUST00236,2024-08-14,Beauty,44.04,1,0,Mobile App,iPad,Debit Card,OnTrac,1,0
ORD001051,CUST00236,2024-01-10,Grocery,68.94,0,0,Web Browser,iPad,Buy Now Pay Later,UPS,1,0
ORD001052,CUST00236,2024-08-21,Jewelry,110.49,1,0,Mobile App,iPad,Gift Card,DHL,1,0
ORD001053,CUST00236,2024-06-22,Sports,157.91,1,0,Mobile App,MacBook,Gift Card,OnTrac,1,0
ORD001054,CUST00236,2025-07-20,Jewelry,223.65,1,0,Mobile App,Windows PC,Credit Card,USPS,1,0
ORD001055,CUST00237,2024-08-08,Toys,175.16,0,0,Tablet App,Android,PayPal,USPS,1,0
ORD001056,CUST00237,2025-01-13,Grocery,322.98,0,1,Tablet App,Windows PC,PayPal,UPS,1,0
ORD001057,CUST00237,2025-04-15,Electronics,69.08,1,0,Mobile App,iPhone,Debit Card,OnTrac,1,0
ORD001058,CUST00237,2024-08-27,Tools,319.37,0,1,Tablet App,iPad,Gift Card,FedEx,1,0
ORD001059,CUST00238,2025-02-10,Jewelry,137.1,0,0,Mobile App,MacBook,Credit Card,DHL,1,0
ORD001060,CUST00238,2025-04-11,Furniture,127.28,0,0,Web Browser,iPhone,Buy Now Pay Later,OnTrac,1,0
ORD001061,CUST00239,2025-01-22,Grocery,306.09,1,1,Tablet App,Windows PC,Buy Now Pay Later,OnTrac,1,0
ORD001062,CUST00239,2024-02-27,Grocery,18.31,0,0,Tablet App,iPhone,Credit Card,DHL,1,0
ORD001063,CUST00239,2025-01-26,Electronics,102.41,0,0,Mobile App,iPad,Gift Card,UPS,1,0
ORD001064,CUST00240,2024-11-20,Jewelry,120.79,1,0,Tablet App,Android,Crypto,FedEx,1,0
ORD001065,CUST00240,2024-12-23,Toys,136.12,0,0,Web Browser,MacBook,Gift Card,USPS,1,0
ORD001066,CUST00240,2025-08-02,Shoes,45.76,0,0,Mobile App,Android,Crypto,OnTrac,1,0
ORD001067,CUST00241,2025-03-21,Electronics,113.73,0,0,Mobile App,iPad,Crypto,FedEx,1,0
ORD001068,CUST00241,2024-05-29,Jewelry,127.25,1,0,Mobile App,Windows PC,PayPal,OnTrac,1,0
ORD001069,CUST00241,2025-05-20,Furniture,242.45,1,0,Tablet App,MacBook,Credit Card,USPS,1,0
ORD001070,CUST00241,2025-04-18,Electronics,86.59,0,0,Tablet App,iPhone,Debit Card,FedEx,1,0
ORD001071,CUST00241,2024-07-09,Clothing,64.34,0,0,Web Browser,Windows PC,Credit Card,OnTrac,1,0
ORD001072,CUST00241,2024-09-02,Jewelry,135.32,0,0,Tablet App,Windows PC,Gift Card,USPS,1,0
ORD001073,CUST00242,2025-07-22,Grocery,103.06,0,0,Mobile App,Windows PC,Debit Card,DHL,1,0
ORD001074,CUST00242,2025-02-17,Furniture,5.0,0,0,Tablet App,Windows PC,Debit Card,DHL,1,0
ORD001075,CUST00242,2025-03-03,Clothing,109.88,0,0,Tablet App,iPhone,Credit Card,DHL,1,0
ORD001076,CUST00242,2024-02-27,Home & Kitchen,42.83,0,0,Web Browser,Windows PC,Debit Card,FedEx,1,0
ORD001077,CUST00242,2025-06-17,Grocery,123.61,1,0,Tablet App,Android,Credit Card,UPS,1,0
ORD001078,CUST00242,2024-10-15,Sports,195.77,0,0,Web Browser,MacBook,Buy Now Pay Later,FedEx,1,0
ORD001079,CUST00243,2024-07-31,Furniture,45.53,0,0,Mobile App,iPhone,Debit Card,UPS,1,0
ORD001080,CUST00243,2025-08-21,Grocery,39.24,0,0,Tablet App,iPad,PayPal,USPS,1,0
ORD001081,CUST00243,2024-10-21,Grocery,105.45,1,0,Mobile App,MacBook,Buy Now Pay Later,DHL,1,0
ORD001082,CUST00243,2025-01-14,Electronics,130.29,0,0,Mobile App,iPad,PayPal,UPS,0,0
ORD001083,CUST00244,2024-03-02,Books,201.8,0,0,Tablet App,MacBook,Credit Card,FedEx,1,0
ORD001084,CUST00244,2024-05-28,Home & Kitchen,60.18,0,0,Tablet App,iPhone,Buy Now Pay Later,USPS,1,0
ORD001085,CUST00244,2024-03-31,Clothing,277.4,0,0,Web Browser,Windows PC,Buy Now Pay Later,USPS,1,0
ORD001086,CUST00244,2024-01-31,Shoes,221.37,0,0,Mobile App,MacBook,Credit Card,DHL,1,0
ORD001087,CUST00244,2024-07-07,Electronics,45.71,1,0,Tablet App,iPad,Crypto,USPS,1,0
ORD001088,CUST00245,2024-11-22,Sports,174.67,0,0,Web Browser,Windows PC,Credit Card,OnTrac,1,0
ORD001089,CUST00246,2024-03-12,Home & Kitchen,99.4,0,0,Mobile App,Windows PC,Credit Card,FedEx,0,0
ORD001090,CUST00246,2025-02-02,Home & Kitchen,179.74,0,0,Web Browser,Windows PC,Credit Card,DHL,1,0
ORD001091,CUST00246,2025-03-11,Grocery,106.92,1,0,Web Browser,Windows PC,Crypto,FedEx,1,0
ORD001092,CUST00246,2024-07-13,Beauty,5.0,1,0,Web Browser,MacBook,PayPal,OnTrac,1,0
ORD001093,CUST00246,2025-03-01,Tools,174.63,0,0,Mobile App,iPad,Gift Card,OnTrac,1,0
ORD001094,CUST00246,2025-03-28,Books,26.27,0,0,Mobile App,MacBook,Credit Card,FedEx,1,0
ORD001095,CUST00247,2025-01-29,Home & Kitchen,91.35,0,0,Mobile App,Windows PC,Credit Card,OnTrac,1,0
ORD001096,CUST00247,2025-07-10,Furniture,196.85,0,0,Web Browser,Android,Buy Now Pay Later,UPS,0,0
ORD001097,CUST00248,2025-02-15,Electronics,253.23,0,0,Tablet App,MacBook,Credit Card,UPS,1,0
ORD001098,CUST00248,2025-08-04,Tools,115.09,1,0,Mobile App,Android,Crypto,UPS,1,0
ORD001099,CUST00248,2025-08-22,Books,87.3,0,0,Mobile App,Android,Credit Card,OnTrac,1,0
ORD001100,CUST00248,2025-01-19,Sports,224.45,1,0,Mobile App,MacBook,Debit Card,OnTrac,1,0
ORD001101,CUST00249,2024-03-16,Home & Kitchen,57.01,1,0,Web Browser,iPad,Crypto,OnTrac,1,0
ORD001102,CUST00249,2024-10-01,Grocery,151.08,1,0,Mobile App,MacBook,Crypto,UPS,1,0
ORD001103,CUST00250,2025-02-17,Jewelry,110.71,1,0,Tablet App,Windows PC,PayPal,FedEx,1,0
ORD001104,CUST00250,2025-04-10,Home & Kitchen,308.35,0,1,Web Browser,iPhone,Crypto,DHL,1,0
ORD001105,CUST00250,2025-02-09,Toys,65.81,0,0,Tablet App,MacBook,PayPal,FedEx,1,0
ORD001106,CUST00250,2025-04-21,Books,150.91,0,0,Web Browser,MacBook,Crypto,DHL,1,0
ORD001107,CUST00250,2024-09-17,Grocery,131.43,0,0,Tablet App,iPhone,Crypto,DHL,1,0
ORD001108,CUST00251,2024-09-13,Grocery,122.49,0,0,Tablet App,Windows PC,Crypto,DHL,1,0
ORD001109,CUST00251,2025-08-20,Sports,193.61,1,0,Web Browser,iPhone,PayPal,USPS,1,0
ORD001110,CUST00252,2024-09-05,Home & Kitchen,170.6,0,0,Web Browser,MacBook,Debit Card,FedEx,1,0
ORD001111,CUST00252,2024-11-03,Toys,88.17,1,0,Web Browser,Windows PC,Crypto,FedEx,1,0
ORD001112,CUST00252,2024-10-25,Jewelry,5.0,0,0,Tablet App,Android,Debit Card,OnTrac,1,0
ORD001113,CUST00252,2025-05-15,Sports,5.0,0,0,Tablet App,MacBook,Buy Now Pay Later,FedEx,1,0
ORD001114,CUST00252,2024-01-23,Furniture,191.81,1,0,Web Browser,Android,PayPal,USPS,1,0
ORD001115,CUST00253,2025-03-22,Grocery,5.0,0,0,Web Browser,Windows PC,Debit Card,USPS,1,0
ORD001116,CUST00253,2024-01-16,Toys,46.19,1,0,Web Browser,Windows PC,Buy Now Pay Later,UPS,1,0
ORD001117,CUST00253,2025-03-03,Clothing,108.18,1,0,Tablet App,iPhone,Gift Card,DHL,1,0
ORD001118,CUST00254,2024-09-02,Shoes,79.2,1,0,Web Browser,Windows PC,Buy Now Pay Later,USPS,1,0
ORD001119,CUST00254,2025-05-27,Tools,83.92,1,0,Tablet App,iPad,Credit Card,UPS,1,0
ORD001120,CUST00254,2024-08-15,Toys,14.77,0,0,Tablet App,iPhone,Crypto,UPS,1,0
ORD001121,CUST00255,2024-03-27,Furniture,145.16,0,0,Web Browser,Windows PC,Credit Card,UPS,1,0
ORD001122,CUST00255,2024-07-27,Sports,224.74,1,0,Tablet App,iPad,Buy Now Pay Later,DHL,1,0
ORD001123,CUST00256,2025-08-03,Shoes,25.31,1,0,Mobile App,iPhone,Crypto,USPS,1,0
ORD001124,CUST00256,2025-01-17,Electronics,41.86,0,0,Mobile App,MacBook,Credit Card,DHL,1,0
ORD001125,CUST00256,2025-03-31,Shoes,125.5,1,0,Web Browser,Android,Buy Now Pay Later,USPS,1,0
ORD001126,CUST00256,2025-05-10,Jewelry,200.76,1,0,Tablet App,Android,PayPal,USPS,1,0
ORD001127,CUST00256,2024-01-27,Jewelry,43.08,1,0,Mobile App,iPad,Gift Card,FedEx,1,0
ORD001128,CUST00257,2024-09-30,Jewelry,216.77,1,0,Tablet App,iPhone,Buy Now Pay Later,UPS,1,0
ORD001129,CUST00257,2025-07-01,Clothing,106.51,0,0,Web Browser,Android,Gift Card,USPS,1,0
ORD001130,CUST00257,2024-01-20,Clothing,79.48,0,0,Web Browser,Windows PC,Buy Now Pay Later,OnTrac,1,0
ORD001131,CUST00257,2025-04-08,Grocery,87.67,0,0,Tablet App,Android,Gift Card,FedEx,1,0
ORD001132,CUST00257,2024-10-01,Electronics,83.69,0,0,Tablet App,Android,PayPal,UPS,1,0
ORD001133,CUST00258,2024-12-04,Grocery,88.54,1,0,Web Browser,Android,Debit Card,FedEx,1,0
ORD001134,CUST00258,2024-05-17,Shoes,55.49,1,0,Mobile App,iPad,Crypto,DHL,1,0
ORD001135,CUST00258,2024-01-03,Electronics,5.0,1,0,Web Browser,iPhone,Crypto,OnTrac,1,0
ORD001136,CUST00258,2024-07-24,Sports,5.0,1,0,Web Browser,Windows PC,Crypto,FedEx,1,0
ORD001137,CUST00258,2024-05-30,Sports,14.11,1,0,Web Browser,MacBook,Credit Card,UPS,1,0
ORD001138,CUST00258,2025-06-14,Books,5.0,1,0,Mobile App,Android,Buy Now Pay Later,USPS,1,0
ORD001139,CUST00258,2025-02-25,Books,72.09,1,0,Mobile App,iPhone,Gift Card,DHL,1,0
ORD001140,CUST00259,2024-10-12,Jewelry,117.63,0,0,Mobile App,iPad,Debit Card,OnTrac,1,0
ORD001141,CUST00259,2025-06-13,Grocery,43.09,0,0,Web Browser,MacBook,Credit Card,DHL,1,0
ORD001142,CUST00259,2025-05-01,Furniture,185.05,0,0,Tablet App,Windows PC,Buy Now Pay Later,DHL,1,0
ORD001143,CUST00259,2024-04-15,Beauty,173.9,0,0,Tablet App,Android,PayPal,FedEx,1,0
ORD001144,CUST00259,2025-02-17,Electronics,161.55,0,0,Mobile App,Android,Gift Card,UPS,1,0
ORD001145,CUST00259,2024-07-26,Sports,249.09,0,0,Web Browser,MacBook,Buy Now Pay Later,OnTrac,1,0
ORD001146,CUST00259,2024-10-01,Electronics,138.46,0,0,Tablet App,Windows PC,Crypto,OnTrac,1,0
ORD001147,CUST00259,2025-02-13,Toys,124.26,0,0,Mobile App,Windows PC,Credit Card,OnTrac,1,0
ORD001148,CUST00260,2024-11-23,Clothing,189.82,1,0,Tablet App,Android,Buy Now Pay Later,DHL,1,0
ORD001149,CUST00260,2025-07-28,Tools,97.89,1,0,Tablet App,iPad,Gift Card,OnTrac,1,0
ORD001150,CUST00260,2024-04-05,Clothing,150.79,0,0,Tablet App,iPhone,PayPal,FedEx,1,0
ORD001151,CUST00261,2025-05-27,Tools,158.72,0,0,Mobile App,Android,Buy Now Pay Later,FedEx,1,0
ORD001152,CUST00261,2025-01-28,Shoes,151.31,1,0,Mobile App,Windows PC,Crypto,OnTrac,1,0
ORD001153,CUST00261,2024-11-11,Furniture,135.32,1,0,Tablet App,iPhone,Buy Now Pay Later,FedEx,1,1
ORD001154,CUST00262,2025-04-04,Home & Kitchen,76.25,0,0,Web Browser,Windows PC,Credit Card,USPS,1,0
ORD001155,CUST00262,2025-05-08,Grocery,319.6,1,1,Web Browser,iPhone,Gift Card,DHL,1,0
ORD001156,CUST00263,2024-11-11,Sports,113.67,0,0,Tablet App,iPad,Crypto,DHL,1,0
ORD001157,CUST00263,2024-07-06,Grocery,70.94,0,0,Web Browser,MacBook,Gift Card,DHL,1,0
ORD001158,CUST00263,2024-12-27,Shoes,163.41,0,0,Tablet App,Android,Credit Card,USPS,1,0
ORD001159,CUST00263,2024-08-12,Sports,26.64,0,0,Tablet App,iPhone,Gift Card,FedEx,1,0
ORD001160,CUST00263,2025-07-10,Toys,146.93,0,0,Tablet App,iPhone,Credit Card,DHL,1,0
ORD001161,CUST00263,2024-07-10,Shoes,17.47,1,0,Mobile App,Windows PC,Gift Card,USPS,1,0
ORD001162,CUST00264,2025-01-23,Shoes,157.65,1,0,Web Browser,iPad,Buy Now Pay Later,DHL,1,0
ORD001163,CUST00264,2025-01-14,Shoes,122.75,0,0,Mobile App,iPad,Credit Card,OnTrac,1,0
ORD001164,CUST00265,2024-06-20,Clothing,5.0,0,0,Tablet App,iPhone,Crypto,FedEx,1,0
ORD001165,CUST00265,2024-06-09,Beauty,57.93,1,0,Web Browser,Android,Credit Card,UPS,1,0
ORD001166,CUST00265,2024-05-28,Sports,136.64,0,0,Tablet App,Android,Crypto,DHL,1,0
ORD001167,CUST00265,2025-04-29,Clothing,162.47,0,0,Tablet App,Windows PC,Crypto,UPS,1,0
ORD001168,CUST00265,2025-04-02,Tools,41.6,1,0,Web Browser,Windows PC,Credit Card,FedEx,1,0
ORD001169,CUST00265,2024-06-10,Toys,298.93,0,0,Web Browser,Windows PC,Gift Card,OnTrac,1,0
ORD001170,CUST00265,2024-04-16,Furniture,24.15,0,0,Web Browser,MacBook,Gift Card,FedEx,1,0
ORD001171,CUST00265,2024-06-15,Books,5.0,1,0,Web Browser,Windows PC,Buy Now Pay Later,OnTrac,0,0
ORD001172,CUST00265,2024-08-14,Jewelry,80.34,0,0,Tablet App,Android,Debit Card,DHL,1,0
ORD001173,CUST00266,2025-01-17,Tools,5.0,0,0,Web Browser,iPhone,Buy Now Pay Later,OnTrac,1,0
ORD001174,CUST00266,2024-11-11,Furniture,37.27,0,0,Web Browser,Android,Crypto,DHL,1,0
ORD001175,CUST00266,2024-01-02,Shoes,225.35,0,0,Mobile App,MacBook,Credit Card,USPS,1,0
ORD001176,CUST00266,2024-10-16,Electronics,175.66,0,0,Mobile App,iPad,Debit Card,UPS,0,0
ORD001177,CUST00266,2024-01-02,Books,44.48,0,0,Tablet App,MacBook,Buy Now Pay Later,USPS,1,0
ORD001178,CUST00267,2025-06-14,Electronics,243.13,0,0,Web Browser,iPad,Crypto,OnTrac,1,0
ORD001179,CUST00267,2024-08-15,Sports,129.54,0,0,Tablet App,MacBook,PayPal,DHL,1,0
ORD001180,CUST00267,2024-07-20,Tools,159.16,1,0,Tablet App,MacBook,Crypto,USPS,1,1
ORD001181,CUST00268,2024-12-03,Electronics,137.3,0,0,Tablet App,Android,PayPal,FedEx,1,0
ORD001182,CUST00268,2024-01-04,Sports,76.13,0,0,Tablet App,iPhone,Crypto,UPS,1,0
ORD001183,CUST00268,2024-10-05,Grocery,206.98,0,0,Mobile App,MacBook,Credit Card,USPS,1,0
ORD001184,CUST00269,2024-09-13,Tools,149.33,0,0,Web Browser,iPad,Gift Card,UPS,1,0
ORD001185,CUST00269,2024-02-02,Electronics,5.0,0,0,Mobile App,iPad,Debit Card,OnTrac,1,0
ORD001186,CUST00270,2025-08-21,Electronics,164.94,0,0,Mobile App,Android,Gift Card,OnTrac,1,0
ORD001187,CUST00270,2025-07-03,Tools,80.24,0,0,Mobile App,Android,Debit Card,USPS,1,0
ORD001188,CUST00270,2024-11-07,Beauty,5.0,0,0,Web Browser,iPhone,Gift Card,FedEx,1,0
ORD001189,CUST00270,2024-08-31,Grocery,134.9,1,0,Mobile App,Android,Credit Card,FedEx,1,0
ORD001190,CUST00270,2024-06-23,Grocery,140.66,1,0,Tablet App,Windows PC,Crypto,UPS,1,0
ORD001191,CUST00270,2024-10-23,Clothing,143.5,1,0,Tablet App,Android,Buy Now Pay Later,UPS,1,0
ORD001192,CUST00270,2024-12-16,Books,100.76,0,0,Mobile App,MacBook,PayPal,USPS,1,0
ORD001193,CUST00270,2024-07-23,Furniture,79.24,0,0,Web Browser,Android,Gift Card,UPS,1,0
ORD001194,CUST00270,2024-10-24,Shoes,99.4,0,0,Tablet App,Windows PC,Credit Card,DHL,1,0
ORD001195,CUST00271,2025-06-30,Tools,130.74,0,0,Tablet App,MacBook,Buy Now Pay Later,DHL,1,0
ORD001196,CUST00271,2025-05-10,Toys,197.0,0,0,Mobile App,Windows PC,Credit Card,DHL,1,0
ORD001197,CUST00271,2024-04-11,Jewelry,5.0,1,0,Tablet App,MacBook,Buy Now Pay Later,FedEx,0,0
ORD001198,CUST00271,2024-02-27,Toys,173.21,0,0,Tablet App,MacBook,Buy Now Pay Later,USPS,1,0
ORD001199,CUST00271,2024-04-13,Beauty,251.74,0,0,Mobile App,iPhone,Credit Card,FedEx,1,0
ORD001200,CUST00272,2025-03-04,Sports,31.87,1,0,Mobile App,MacBook,Credit Card,OnTrac,1,0
ORD001201,CUST00272,2025-08-05,Toys,117.76,0,0,Web Browser,Android,PayPal,UPS,1,0
ORD001202,CUST00272,2025-07-28,Sports,174.74,0,0,Mobile App,MacBook,PayPal,UPS,1,0
ORD001203,CUST00272,2024-12-06,Electronics,109.4,1,0,Web Browser,MacBook,Debit Card,FedEx,1,1
ORD001204,CUST00272,2024-11-03,Home & Kitchen,189.49,0,0,Mobile App,MacBook,Gift Card,DHL,1,0
ORD001205,CUST00272,2024-03-12,Jewelry,5.0,1,0,Tablet App,Windows PC,Credit Card,FedEx,1,0
ORD001206,CUST00272,2025-05-27,Shoes,148.4,0,0,Web Browser,iPad,Credit Card,UPS,1,0
ORD001207,CUST00272,2024-06-09,Tools,119.91,1,0,Mobile App,iPad,Debit Card,FedEx,1,0
ORD001208,CUST00272,2024-03-31,Grocery,53.66,0,0,Tablet App,Android,Debit Card,FedEx,1,0
ORD001209,CUST00273,2025-01-23,Jewelry,5.0,0,0,Mobile App,Android,Gift Card,DHL,1,0
ORD001210,CUST00273,2024-09-03,Jewelry,41.87,1,0,Mobile App,iPhone,Crypto,DHL,1,0
ORD001211,CUST00274,2024-02-29,Grocery,99.51,0,0,Tablet App,iPad,Credit Card,UPS,1,0
ORD001212,CUST00274,2024-01-09,Electronics,130.65,0,0,Mobile App,MacBook,Debit Card,DHL,0,0
ORD001213,CUST00274,2025-08-11,Grocery,237.04,0,0,Web Browser,Android,Credit Card,OnTrac,1,0
ORD001214,CUST00274,2024-08-22,Jewelry,199.77,0,0,Tablet App,Android,Gift Card,OnTrac,1,0
ORD001215,CUST00274,2024-11-20,Clothing,220.31,0,0,Mobile App,Android,Debit Card,FedEx,1,0
ORD001216,CUST00274,2024-02-03,Clothing,191.79,0,0,Tablet App,iPad,Gift Card,DHL,1,1
ORD001217,CUST00274,2025-07-13,Home & Kitchen,182.76,1,0,Web Browser,Windows PC,Crypto,USPS,1,0
ORD001218,CUST00274,2024-12-24,Toys,225.64,1,0,Tablet App,iPhone,Crypto,OnTrac,1,0
ORD001219,CUST00274,2024-05-04,Sports,5.0,1,0,Web Browser,MacBook,Debit Card,FedEx,1,0
ORD001220,CUST00275,2025-08-19,Books,105.09,0,0,Mobile App,Windows PC,PayPal,USPS,1,0
ORD001221,CUST00276,2025-08-15,Books,171.79,1,0,Web Browser,iPhone,Debit Card,DHL,1,0
ORD001222,CUST00276,2024-02-13,Toys,83.32,0,0,Mobile App,Windows PC,Buy Now Pay Later,UPS,1,0
ORD001223,CUST00276,2024-09-06,Jewelry,47.27,1,0,Web Browser,iPhone,Gift Card,DHL,1,0
ORD001224,CUST00276,2024-10-04,Home & Kitchen,187.09,0,0,Tablet App,iPhone,Debit Card,DHL,1,1
ORD001225,CUST00276,2024-11-06,Electronics,189.45,0,0,Tablet App,Android,Buy Now Pay Later,UPS,1,0
ORD001226,CUST00277,2024-01-17,Electronics,164.26,0,0,Mobile App,iPhone,Buy Now Pay Later,DHL,1,0
ORD001227,CUST00277,2025-08-19,Electronics,108.25,0,0,Web Browser,MacBook,Credit Card,FedEx,0,0
ORD001228,CUST00277,2025-05-07,Grocery,5.0,1,0,Tablet App,iPhone,Credit Card,DHL,1,0
ORD001229,CUST00278,2024-07-09,Grocery,66.75,0,0,Tablet App,Windows PC,Credit Card,UPS,1,0
ORD001230,CUST00278,2025-02-09,Sports,59.41,0,0,Mobile App,Android,PayPal,FedEx,0,0
ORD001231,CUST00278,2025-03-15,Home & Kitchen,5.0,0,0,Web Browser,iPhone,PayPal,USPS,0,0
ORD001232,CUST00278,2024-09-28,Tools,5.0,0,0,Tablet App,iPad,Debit Card,DHL,1,0
ORD001233,CUST00278,2024-10-27,Books,231.55,0,0,Mobile App,MacBook,Credit Card,USPS,1,0
ORD001234,CUST00279,2025-06-05,Jewelry,82.71,0,0,Mobile App,Windows PC,Gift Card,OnTrac,1,0
ORD001235,CUST00279,2024-04-10,Home & Kitchen,59.3,0,0,Mobile App,iPhone,Credit Card,UPS,1,1
ORD001236,CUST00279,2024-11-08,Beauty,41.32,0,0,Web Browser,MacBook,Gift Card,OnTrac,0,0
ORD001237,CUST00279,2024-02-17,Jewelry,5.0,0,0,Tablet App,MacBook,Crypto,OnTrac,0,1
ORD001238,CUST00279,2025-06-27,Home & Kitchen,5.0,0,0,Tablet App,iPhone,Credit Card,UPS,1,1
ORD001239,CUST00279,2025-02-09,Electronics,182.16,1,0,Mobile App,Android,PayPal,USPS,0,0
ORD001240,CUST00279,2024-10-06,Books,248.42,0,0,Mobile App,Android,Buy Now Pay Later,UPS,1,0
ORD001241,CUST00279,2025-07-06,Clothing,5.0,1,0,Tablet App,iPad,Debit Card,USPS,1,0
ORD001242,CUST00280,2025-01-13,Furniture,5.0,1,0,Web Browser,iPhone,Debit Card,USPS,1,0
ORD001243,CUST00280,2024-11-16,Beauty,216.46,1,0,Web Browser,Windows PC,Gift Card,FedEx,1,0
ORD001244,CUST00280,2025-06-07,Books,194.02,0,0,Mobile App,iPhone,Buy Now Pay Later,UPS,1,0
ORD001245,CUST00280,2025-08-10,Tools,146.3,1,0,Mobile App,Windows PC,Gift Card,FedEx,1,0
ORD001246,CUST00280,2024-06-19,Jewelry,33.28,1,0,Tablet App,iPhone,Gift Card,FedEx,1,0
ORD001247,CUST00280,2024-02-10,Sports,202.95,0,0,Web Browser,Windows PC,PayPal,DHL,1,0
ORD001248,CUST00280,2025-04-28,Home & Kitchen,117.48,1,0,Mobile App,Android,Debit Card,FedEx,1,0
ORD001249,CUST00281,2024-04-23,Grocery,89.1,1,0,Tablet App,Windows PC,Buy Now Pay Later,OnTrac,1,0
ORD001250,CUST00281,2025-02-09,Home & Kitchen,153.65,1,0,Mobile App,MacBook,Crypto,UPS,1,1
ORD001251,CUST00282,2025-03-06,Books,113.42,0,0,Mobile App,iPad,Credit Card,OnTrac,1,0
ORD001252,CUST00282,2024-01-22,Jewelry,49.9,0,0,Mobile App,Android,Debit Card,USPS,1,0
ORD001253,CUST00282,2024-09-10,Jewelry,5.0,1,0,Mobile App,iPhone,Crypto,DHL,1,0
ORD001254,CUST00282,2025-06-18,Toys,110.46,1,0,Web Browser,MacBook,Buy Now Pay Later,FedEx,1,0
ORD001255,CUST00282,2024-12-15,Sports,53.07,1,0,Mobile App,Windows PC,Buy Now Pay Later,USPS,1,0
ORD001256,CUST00282,2024-10-09,Clothing,53.92,1,0,Web Browser,iPad,Credit Card,FedEx,1,0
ORD001257,CUST00283,2024-12-13,Sports,10.37,0,0,Web Browser,iPad,Debit Card,UPS,1,0
ORD001258,CUST00283,2024-09-16,Grocery,19.24,0,0,Mobile App,iPad,Gift Card,FedEx,1,0
ORD001259,CUST00283,2024-07-05,Beauty,100.7,1,0,Web Browser,Windows PC,Debit Card,OnTrac,1,0
ORD001260,CUST00283,2024-08-31,Tools,291.34,0,0,Mobile App,Android,Gift Card,DHL,1,0
ORD001261,CUST00283,2025-02-14,Clothing,26.6,1,0,Web Browser,MacBook,Credit Card,USPS,1,0
ORD001262,CUST00283,2024-12-26,Jewelry,5.0,0,0,Web Browser,Android,Buy Now Pay Later,UPS,1,1
ORD001263,CUST00283,2024-06-04,Home & Kitchen,215.18,0,0,Mobile App,iPad,PayPal,USPS,1,0
ORD001264,CUST00283,2024-10-08,Clothing,5.0,0,0,Web Browser,Windows PC,Credit Card,OnTrac,1,0
ORD001265,CUST00283,2025-07-21,Furniture,28.26,0,0,Web Browser,Windows PC,Buy Now Pay Later,DHL,1,0
ORD001266,CUST00283,2025-07-04,Tools,77.06,0,0,Web Browser,iPhone,PayPal,UPS,1,0
ORD001267,CUST00284,2024-10-26,Sports,135.78,0,0,Mobile App,Android,Crypto,USPS,1,0
ORD001268,CUST00284,2025-05-26,Sports,124.95,0,0,Tablet App,iPhone,PayPal,DHL,1,0
ORD001269,CUST00285,2025-01-10,Tools,49.82,1,0,Tablet App,Android,Buy Now Pay Later,FedEx,1,0
ORD001270,CUST00285,2025-06-16,Grocery,294.05,0,0,Web Browser,Android,Buy Now Pay Later,OnTrac,1,1
ORD001271,CUST00285,2025-07-02,Shoes,187.71,0,0,Mobile App,MacBook,Crypto,UPS,1,1
ORD001272,CUST00285,2024-06-23,Jewelry,57.28,0,0,Tablet App,Windows PC,PayPal,UPS,1,1
ORD001273,CUST00286,2024-02-15,Home & Kitchen,107.91,1,0,Web Browser,MacBook,PayPal,OnTrac,0,0
ORD001274,CUST00286,2024-07-19,Home & Kitchen,154.74,0,0,Mobile App,Windows PC,Credit Card,FedEx,1,0
ORD001275,CUST00286,2025-03-29,Shoes,96.65,0,0,Mobile App,iPad,Buy Now Pay Later,FedEx,1,0
ORD001276,CUST00287,2024-10-18,Books,90.95,1,0,Mobile App,iPad,Gift Card,DHL,1,0
ORD001277,CUST00287,2024-06-21,Clothing,5.0,1,0,Tablet App,iPhone,Crypto,UPS,1,0
ORD001278,CUST00287,2024-02-03,Jewelry,192.45,0,0,Tablet App,iPhone,Crypto,USPS,1,0
ORD001279,CUST00287,2024-09-05,Clothing,174.27,0,0,Tablet App,iPad,PayPal,USPS,1,0
ORD001280,CUST00288,2024-02-18,Grocery,47.5,1,0,Mobile App,iPhone,Crypto,UPS,1,0
ORD001281,CUST00288,2025-04-27,Furniture,148.26,1,0,Tablet App,Windows PC,Crypto,FedEx,0,0
ORD001282,CUST00288,2024-10-24,Beauty,26.68,0,0,Mobile App,Windows PC,Buy Now Pay Later,UPS,1,0
ORD001283,CUST00288,2024-08-02,Shoes,108.68,1,0,Tablet App,Android,Gift Card,FedEx,1,0
ORD001284,CUST00288,2024-03-20,Home & Kitchen,145.09,0,0,Mobile App,MacBook,Debit Card,OnTrac,1,0
ORD001285,CUST00288,2025-01-07,Jewelry,55.59,1,0,Mobile App,iPad,Gift Card,OnTrac,1,0
ORD001286,CUST00289,2024-07-04,Toys,23.17,1,0,Mobile App,iPad,Credit Card,UPS,1,0
ORD001287,CUST00289,2025-04-18,Beauty,121.75,0,0,Tablet App,MacBook,Debit Card,OnTrac,1,0
ORD001288,CUST00289,2025-02-20,Furniture,88.75,0,0,Tablet App,iPad,PayPal,OnTrac,1,0
ORD001289,CUST00289,2025-01-07,Tools,79.56,0,0,Mobile App,Android,Buy Now Pay Later,USPS,1,1
ORD001290,CUST00289,2024-05-29,Sports,102.04,1,0,Web Browser,Android,PayPal,DHL,1,0
ORD001291,CUST00289,2025-04-16,Books,255.22,1,0,Mobile App,Windows PC,Gift Card,OnTrac,1,0
ORD001292,CUST00289,2025-06-10,Tools,30.71,1,0,Web Browser,iPhone,Credit Card,USPS,1,0
ORD001293,CUST00290,2025-02-12,Toys,144.07,0,0,Web Browser,MacBook,Buy Now Pay Later,FedEx,1,0
ORD001294,CUST00290,2024-04-07,Books,160.66,1,0,Web Browser,Android,Gift Card,FedEx,1,0
ORD001295,CUST00290,2024-08-24,Beauty,127.58,1,0,Web Browser,Windows PC,Buy Now Pay Later,DHL,0,1
ORD001296,CUST00290,2024-11-09,Beauty,152.03,1,0,Tablet App,Android,Crypto,UPS,0,1
ORD001297,CUST00290,2024-09-24,Books,130.84,1,0,Web Browser,MacBook,Crypto,UPS,1,0
ORD001298,CUST00290,2025-03-21,Jewelry,118.3,0,0,Mobile App,iPhone,Credit Card,FedEx,0,1
ORD001299,CUST00291,2024-04-15,Home & Kitchen,208.23,1,0,Mobile App,iPhone,Buy Now Pay Later,UPS,1,0
ORD001300,CUST00291,2024-08-21,Jewelry,179.24,0,0,Mobile App,iPad,Debit Card,FedEx,1,0
ORD001301,CUST00292,2025-08-12,Tools,224.32,1,0,Mobile App,Android,Debit Card,USPS,1,0
ORD001302,CUST00292,2024-10-23,Toys,239.58,1,0,Web Browser,iPhone,Gift Card,DHL,1,0
ORD001303,CUST00292,2024-10-25,Jewelry,90.41,1,0,Mobile App,iPad,Crypto,UPS,1,0
ORD001304,CUST00292,2024-06-11,Books,239.55,0,0,Tablet App,Windows PC,PayPal,USPS,1,0
ORD001305,CUST00292,2024-11-16,Tools,86.18,0,0,Web Browser,Windows PC,Gift Card,FedEx,1,0
ORD001306,CUST00292,2024-01-28,Tools,121.67,0,0,Tablet App,MacBook,Credit Card,DHL,1,0
ORD001307,CUST00292,2025-06-05,Shoes,145.31,0,0,Web Browser,MacBook,Buy Now Pay Later,OnTrac,1,0
ORD001308,CUST00292,2024-12-25,Beauty,62.64,1,0,Tablet App,Android,Gift Card,UPS,1,1
ORD001309,CUST00292,2024-11-14,Beauty,88.02,1,0,Tablet App,MacBook,Credit Card,OnTrac,1,0
ORD001310,CUST00292,2025-01-13,Tools,82.34,0,0,Tablet App,iPad,Credit Card,DHL,1,0
ORD001311,CUST00292,2024-09-14,Sports,144.53,1,0,Tablet App,iPhone,Debit Card,UPS,1,0
ORD001312,CUST00293,2025-07-18,Tools,139.98,0,0,Tablet App,iPad,Gift Card,DHL,1,0
ORD001313,CUST00294,2024-01-16,Toys,41.97,0,0,Tablet App,iPad,Gift Card,FedEx,1,0
ORD001314,CUST00294,2025-01-12,Sports,122.87,0,0,Mobile App,Android,PayPal,DHL,0,0
ORD001315,CUST00294,2025-05-02,Furniture,5.0,1,0,Mobile App,Windows PC,Crypto,DHL,1,0
ORD001316,CUST00295,2024-07-19,Clothing,300.63,1,1,Web Browser,iPhone,Credit Card,OnTrac,1,0
ORD001317,CUST00295,2024-08-26,Clothing,5.0,1,0,Mobile App,MacBook,Credit Card,UPS,1,0
ORD001318,CUST00295,2024-11-28,Shoes,266.15,0,0,Mobile App,Android,Credit Card,FedEx,1,0
ORD001319,CUST00295,2025-08-17,Beauty,220.76,1,0,Web Browser,iPhone,Debit Card,UPS,1,0
ORD001320,CUST00295,2024-09-25,Clothing,70.11,0,0,Mobile App,Windows PC,Gift Card,FedEx,1,0
ORD001321,CUST00295,2024-02-28,Shoes,92.37,0,0,Tablet App,Windows PC,Debit Card,FedEx,1,0
ORD001322,CUST00295,2024-09-21,Grocery,94.51,0,0,Web Browser,Android,PayPal,USPS,1,0
ORD001323,CUST00295,2025-04-22,Toys,105.85,1,0,Web Browser,iPad,Buy Now Pay Later,USPS,1,0
ORD001324,CUST00296,2025-03-12,Electronics,5.0,1,0,Web Browser,iPad,Debit Card,OnTrac,1,0
ORD001325,CUST00296,2025-01-16,Clothing,138.03,1,0,Web Browser,iPhone,Gift Card,USPS,1,0
ORD001326,CUST00296,2024-09-16,Clothing,130.66,0,0,Web Browser,iPhone,PayPal,FedEx,1,0
ORD001327,CUST00296,2024-10-19,Books,27.65,0,0,Mobile App,iPad,Crypto,OnTrac,1,0
ORD001328,CUST00296,2024-03-15,Sports,164.41,0,0,Tablet App,iPad,Crypto,USPS,1,0
ORD001329,CUST00297,2025-07-10,Clothing,8.1,1,0,Tablet App,Windows PC,Gift Card,FedEx,1,0
ORD001330,CUST00297,2025-02-25,Toys,10.37,0,0,Tablet App,iPad,Buy Now Pay Later,FedEx,1,0
ORD001331,CUST00297,2024-09-28,Tools,200.03,1,0,Tablet App,MacBook,Credit Card,FedEx,1,0
ORD001332,CUST00297,2024-08-04,Grocery,74.68,1,0,Web Browser,Windows PC,PayPal,DHL,1,0
ORD001333,CUST00297,2024-05-18,Toys,58.53,1,0,Mobile App,iPhone,Buy Now Pay Later,DHL,1,0
ORD001334,CUST00298,2025-02-10,Tools,74.08,0,0,Web Browser,iPad,Debit Card,FedEx,1,0
ORD001335,CUST00298,2024-04-08,Grocery,58.17,1,0,Tablet App,MacBook,Credit Card,USPS,1,0
ORD001336,CUST00298,2024-10-16,Toys,86.17,1,0,Web Browser,iPhone,Credit Card,USPS,1,1
ORD001337,CUST00298,2024-12-07,Toys,171.3,1,0,Web Browser,iPad,Credit Card,FedEx,1,0
ORD001338,CUST00299,2024-01-04,Furniture,90.67,0,0,Tablet App,Android,Credit Card,DHL,1,0
ORD001339,CUST00300,2024-12-15,Tools,263.89,1,0,Mobile App,Android,Buy Now Pay Later,DHL,1,0
ORD001340,CUST00300,2025-06-13,Clothing,124.16,0,0,Mobile App,Windows PC,Debit Card,USPS,1,0
ORD001341,CUST00300,2024-11-30,Tools,95.65,0,0,Web Browser,Android,Credit Card,DHL,1,0
ORD001342,CUST00300,2024-12-25,Furniture,168.29,1,0,Tablet App,iPhone,PayPal,OnTrac,1,0
ORD001343,CUST00301,2025-05-26,Jewelry,165.33,0,0,Mobile App,iPad,Crypto,USPS,1,0
ORD001344,CUST00301,2024-05-26,Clothing,388.86,0,1,Mobile App,iPad,Crypto,FedEx,1,0
ORD001345,CUST00301,2024-04-28,Home & Kitchen,217.43,1,0,Web Browser,iPhone,Debit Card,FedEx,1,0
ORD001346,CUST00301,2025-07-03,Books,141.01,0,0,Mobile App,Android,Gift Card,OnTrac,1,0
ORD001347,CUST00301,2025-05-05,Furniture,9.91,0,0,Web Browser,Windows PC,PayPal,DHL,1,0
ORD001348,CUST00301,2025-05-24,Sports,127.45,0,0,Tablet App,iPhone,PayPal,DHL,1,0
ORD001349,CUST00302,2024-07-27,Electronics,105.22,0,0,Tablet App,Android,PayPal,USPS,1,0
ORD001350,CUST00302,2024-07-02,Electronics,100.08,0,0,Web Browser,iPhone,PayPal,OnTrac,1,0
ORD001351,CUST00302,2025-08-22,Home & Kitchen,40.27,1,0,Mobile App,MacBook,Credit Card,FedEx,1,1
ORD001352,CUST00302,2025-02-14,Toys,391.59,0,1,Web Browser,MacBook,Buy Now Pay Later,USPS,1,0
ORD001353,CUST00302,2025-06-12,Books,228.59,0,0,Tablet App,iPhone,Gift Card,USPS,1,0
ORD001354,CUST00303,2024-07-16,Grocery,87.2,1,0,Web Browser,iPhone,Debit Card,OnTrac,1,0
ORD001355,CUST00303,2024-05-20,Tools,129.03,1,0,Web Browser,iPad,Buy Now Pay Later,USPS,1,0
ORD001356,CUST00303,2025-06-06,Books,311.98,1,1,Web Browser,MacBook,Crypto,FedEx,1,0
ORD001357,CUST00304,2024-08-13,Beauty,224.58,0,0,Web Browser,MacBook,Debit Card,USPS,1,0
ORD001358,CUST00304,2024-03-14,Electronics,68.64,0,0,Web Browser,MacBook,PayPal,UPS,1,0
ORD001359,CUST00305,2024-02-15,Furniture,78.04,0,0,Mobile App,Windows PC,Crypto,DHL,0,0
ORD001360,CUST00305,2025-03-12,Grocery,66.62,1,0,Mobile App,MacBook,Crypto,OnTrac,1,0
ORD001361,CUST00305,2024-02-07,Toys,185.1,0,0,Web Browser,Windows PC,Crypto,OnTrac,0,0
ORD001362,CUST00305,2025-01-22,Electronics,205.6,0,0,Tablet App,MacBook,Credit Card,UPS,0,1
ORD001363,CUST00305,2024-02-21,Shoes,145.24,1,0,Mobile App,Windows PC,PayPal,DHL,1,1
ORD001364,CUST00305,2024-07-28,Furniture,266.7,0,0,Web Browser,iPhone,Buy Now Pay Later,DHL,0,0
ORD001365,CUST00306,2025-08-07,Clothing,104.97,0,0,Tablet App,Windows PC,Debit Card,USPS,1,0
ORD001366,CUST00306,2024-03-12,Beauty,115.44,1,0,Mobile App,MacBook,Buy Now Pay Later,USPS,1,0
ORD001367,CUST00306,2024-02-10,Tools,70.55,0,0,Tablet App,Android,Crypto,DHL,1,0
ORD001368,CUST00307,2024-02-08,Jewelry,59.68,1,0,Mobile App,MacBook,Credit Card,DHL,1,0
ORD001369,CUST00308,2025-01-10,Jewelry,5.0,0,0,Mobile App,MacBook,Credit Card,OnTrac,1,0
ORD001370,CUST00308,2024-02-08,Clothing,212.17,0,0,Tablet App,iPad,PayPal,USPS,1,1
ORD001371,CUST00308,2025-03-08,Sports,8.99,0,0,Mobile App,iPhone,Buy Now Pay Later,OnTrac,0,1
ORD001372,CUST00308,2024-08-19,Electronics,244.37,0,0,Mobile App,iPad,Crypto,FedEx,0,0
ORD001373,CUST00308,2024-08-31,Jewelry,229.41,0,0,Mobile App,Android,PayPal,DHL,1,0
ORD001374,CUST00309,2024-12-23,Grocery,182.02,0,0,Tablet App,iPad,Gift Card,OnTrac,1,0
ORD001375,CUST00309,2024-12-26,Home & Kitchen,212.15,1,0,Web Browser,iPhone,Credit Card,USPS,1,0
ORD001376,CUST00310,2025-08-15,Clothing,99.02,1,0,Mobile App,iPad,Crypto,FedEx,0,0
ORD001377,CUST00310,2024-06-23,Electronics,75.75,1,0,Web Browser,Android,Crypto,USPS,0,0
ORD001378,CUST00311,2025-04-18,Jewelry,167.05,1,0,Mobile App,Android,Debit Card,USPS,0,0
ORD001379,CUST00311,2024-01-15,Shoes,187.05,0,0,Web Browser,iPad,Crypto,OnTrac,1,0
ORD001380,CUST00311,2024-08-19,Books,258.68,0,0,Tablet App,Android,Gift Card,FedEx,1,0
ORD001381,CUST00311,2025-01-13,Clothing,219.08,0,0,Mobile App,MacBook,Debit Card,UPS,1,0
ORD001382,CUST00311,2025-01-18,Home & Kitchen,167.95,1,0,Mobile App,Android,Buy Now Pay Later,FedEx,1,0
ORD001383,CUST00311,2024-11-20,Electronics,34.9,1,0,Web Browser,iPhone,Gift Card,UPS,1,0
ORD001384,CUST00311,2024-11-06,Jewelry,21.07,0,0,Tablet App,Android,Buy Now Pay Later,FedEx,1,0
ORD001385,CUST00311,2024-12-16,Furniture,159.93,0,0,Tablet App,MacBook,Crypto,FedEx,1,0
ORD001386,CUST00312,2025-05-21,Sports,29.62,0,0,Tablet App,Android,Debit Card,DHL,1,0
ORD001387,CUST00312,2025-03-22,Beauty,43.12,1,0,Mobile App,Windows PC,Buy Now Pay Later,UPS,1,0
ORD001388,CUST00313,2025-03-25,Sports,94.11,1,0,Tablet App,Windows PC,Credit Card,USPS,0,0
ORD001389,CUST00313,2024-09-17,Jewelry,30.14,1,0,Web Browser,MacBook,Credit Card,OnTrac,1,0
ORD001390,CUST00313,2024-10-19,Tools,7.71,1,0,Web Browser,iPhone,PayPal,USPS,1,0
ORD001391,CUST00314,2025-02-06,Clothing,190.21,0,0,Web Browser,iPhone,Debit Card,UPS,1,0
ORD001392,CUST00314,2024-06-20,Electronics,286.26,1,0,Tablet App,Windows PC,Buy Now Pay Later,FedEx,1,0
ORD001393,CUST00314,2025-07-03,Beauty,128.45,1,0,Web Browser,Android,Credit Card,DHL,1,0
ORD001394,CUST00314,2025-06-13,Jewelry,89.17,1,0,Mobile App,Windows PC,Debit Card,DHL,1,0
ORD001395,CUST00314,2025-01-07,Beauty,23.58,1,0,Tablet App,Android,PayPal,DHL,1,0
ORD001396,CUST00315,2024-08-03,Sports,36.88,0,0,Web Browser,Android,Gift Card,USPS,1,0
ORD001397,CUST00315,2025-03-15,Grocery,192.89,0,0,Mobile App,iPad,Debit Card,DHL,1,0
ORD001398,CUST00315,2024-01-30,Beauty,138.89,1,0,Web Browser,MacBook,Credit Card,OnTrac,1,0
ORD001399,CUST00315,2024-07-09,Furniture,122.32,0,0,Web Browser,Windows PC,PayPal,UPS,1,0
ORD001400,CUST00315,2024-02-07,Books,35.03,0,0,Mobile App,iPad,Credit Card,USPS,1,0
ORD001401,CUST00316,2024-05-05,Tools,164.16,0,0,Web Browser,iPhone,Crypto,USPS,1,0
ORD001402,CUST00316,2024-11-20,Furniture,181.06,1,0,Tablet App,MacBook,Crypto,USPS,0,0
ORD001403,CUST00316,2024-06-24,Sports,156.89,0,0,Tablet App,iPad,Credit Card,FedEx,1,0
ORD001404,CUST00317,2025-04-16,Clothing,111.76,0,0,Tablet App,iPhone,Debit Card,OnTrac,1,0
ORD001405,CUST00317,2024-06-03,Beauty,110.21,0,0,Tablet App,iPad,PayPal,FedEx,1,0
ORD001406,CUST00317,2024-08-09,Jewelry,68.47,0,0,Tablet App,iPad,Credit Card,OnTrac,1,0
ORD001407,CUST00317,2024-01-21,Tools,125.24,0,0,Web Browser,iPad,Gift Card,USPS,1,0
ORD001408,CUST00317,2024-10-27,Toys,99.02,0,0,Mobile App,MacBook,Gift Card,UPS,1,0
ORD001409,CUST00317,2024-05-09,Shoes,5.0,1,0,Mobile App,MacBook,Crypto,USPS,1,0
ORD001410,CUST00317,2025-05-11,Beauty,15.08,0,0,Mobile App,Windows PC,Crypto,OnTrac,1,0
ORD001411,CUST00317,2025-01-03,Home & Kitchen,179.35,1,0,Web Browser,Windows PC,Gift Card,FedEx,1,0
ORD001412,CUST00317,2024-05-21,Books,66.78,0,0,Tablet App,iPhone,Credit Card,USPS,1,0
ORD001413,CUST00318,2024-12-11,Grocery,164.79,0,0,Tablet App,MacBook,Crypto,DHL,1,0
ORD001414,CUST00318,2024-12-26,Furniture,202.14,0,0,Mobile App,iPhone,Debit Card,FedEx,1,0
ORD001415,CUST00318,2025-03-19,Books,5.0,1,0,Tablet App,iPhone,Debit Card,UPS,1,0
ORD001416,CUST00318,2024-02-09,Furniture,5.0,0,0,Web Browser,iPad,PayPal,FedEx,1,1
ORD001417,CUST00319,2024-05-12,Home & Kitchen,327.1,0,1,Mobile App,iPad,Gift Card,USPS,1,0
ORD001418,CUST00319,2024-02-09,Grocery,288.16,0,0,Web Browser,Windows PC,Buy Now Pay Later,UPS,1,0
ORD001419,CUST00320,2024-12-16,Home & Kitchen,41.97,1,0,Tablet App,MacBook,PayPal,UPS,1,0
ORD001420,CUST00320,2025-06-23,Jewelry,16.72,0,0,Tablet App,iPhone,Credit Card,FedEx,1,0
ORD001421,CUST00320,2024-11-07,Electronics,205.42,0,0,Tablet App,Android,PayPal,DHL,1,0
ORD001422,CUST00320,2024-10-09,Shoes,42.95,0,0,Mobile App,Android,Buy Now Pay Later,DHL,1,0
ORD001423,CUST00320,2024-06-05,Home & Kitchen,45.86,0,0,Web Browser,iPhone,PayPal,OnTrac,1,0
ORD001424,CUST00320,2025-05-14,Electronics,106.33,1,0,Tablet App,Android,Credit Card,UPS,1,0
ORD001425,CUST00320,2024-07-22,Clothing,187.71,1,0,Web Browser,Windows PC,Gift Card,UPS,1,0
ORD001426,CUST00321,2025-03-05,Clothing,253.07,1,0,Mobile App,iPhone,Debit Card,UPS,1,0
ORD001427,CUST00321,2025-06-11,Books,158.49,1,0,Tablet App,MacBook,Credit Card,UPS,1,0
ORD001428,CUST00321,2024-09-07,Beauty,181.23,1,0,Web Browser,Windows PC,Credit Card,USPS,1,0
ORD001429,CUST00321,2024-01-10,Furniture,5.0,1,0,Web Browser,iPhone,PayPal,USPS,1,0
ORD001430,CUST00321,2024-04-26,Books,118.15,0,0,Tablet App,iPhone,Crypto,USPS,1,0
ORD001431,CUST00321,2025-06-19,Beauty,53.89,0,0,Web Browser,iPad,Credit Card,UPS,1,0
ORD001432,CUST00321,2024-10-02,Furniture,5.0,0,0,Mobile App,iPhone,Gift Card,UPS,1,0
ORD001433,CUST00321,2025-01-07,Books,219.35,0,0,Tablet App,MacBook,Buy Now Pay Later,UPS,1,0
ORD001434,CUST00322,2024-04-26,Beauty,197.33,0,0,Web Browser,Windows PC,Buy Now Pay Later,OnTrac,1,0
ORD001435,CUST00322,2025-05-03,Shoes,145.4,1,0,Tablet App,Windows PC,Crypto,FedEx,1,0
ORD001436,CUST00323,2024-08-26,Tools,120.68,0,0,Web Browser,Android,Gift Card,UPS,0,1
ORD001437,CUST00323,2024-11-10,Sports,120.88,0,0,Mobile App,Windows PC,Debit Card,FedEx,1,1
ORD001438,CUST00323,2025-08-05,Grocery,219.1,1,0,Mobile App,Windows PC,Buy Now Pay Later,USPS,0,0
ORD001439,CUST00323,2024-11-10,Beauty,171.9,0,0,Mobile App,Android,Crypto,USPS,1,0
ORD001440,CUST00323,2024-04-26,Beauty,75.56,1,0,Tablet App,MacBook,Crypto,OnTrac,0,0
ORD001441,CUST00323,2025-05-25,Toys,112.22,0,0,Web Browser,Android,Credit Card,OnTrac,0,0
ORD001442,CUST00323,2024-07-03,Clothing,128.45,0,0,Mobile App,Windows PC,Buy Now Pay Later,OnTrac,1,0
ORD001443,CUST00323,2025-05-22,Shoes,144.6,0,0,Tablet App,Windows PC,PayPal,UPS,0,1
ORD001444,CUST00323,2024-09-07,Sports,178.7,0,0,Web Browser,iPhone,Debit Card,USPS,1,0
ORD001445,CUST00324,2025-06-21,Shoes,174.65,0,0,Web Browser,Android,Crypto,FedEx,1,0
ORD001446,CUST00324,2025-01-01,Toys,39.6,1,0,Mobile App,iPhone,Debit Card,FedEx,1,0
ORD001447,CUST00324,2024-04-29,Tools,173.9,0,0,Tablet App,iPhone,Buy Now Pay Later,UPS,1,0
ORD001448,CUST00324,2024-09-15,Furniture,132.37,1,0,Tablet App,iPad,Crypto,OnTrac,1,0
ORD001449,CUST00324,2024-06-25,Jewelry,46.05,0,0,Tablet App,iPad,Credit Card,USPS,0,0
ORD001450,CUST00324,2025-08-08,Shoes,202.55,0,0,Web Browser,MacBook,Crypto,OnTrac,1,0
ORD001451,CUST00324,2024-10-09,Toys,63.52,1,0,Web Browser,iPad,Gift Card,USPS,1,0
ORD001452,CUST00324,2025-07-17,Shoes,108.84,0,0,Web Browser,iPad,PayPal,UPS,1,0
ORD001453,CUST00325,2024-07-13,Tools,93.85,1,0,Mobile App,iPad,Credit Card,OnTrac,1,0
ORD001454,CUST00325,2024-09-09,Books,327.25,0,1,Mobile App,iPad,PayPal,UPS,1,0
ORD001455,CUST00325,2025-03-15,Beauty,209.97,1,0,Tablet App,Android,Buy Now Pay Later,DHL,1,0
ORD001456,CUST00325,2024-11-04,Jewelry,268.03,1,0,Web Browser,Windows PC,Debit Card,USPS,1,0
ORD001457,CUST00325,2024-04-08,Jewelry,5.0,0,0,Mobile App,Android,Crypto,DHL,1,0
ORD001458,CUST00326,2024-10-18,Shoes,70.79,0,0,Tablet App,Windows PC,Crypto,OnTrac,1,0
ORD001459,CUST00326,2024-12-25,Toys,295.89,0,0,Web Browser,Windows PC,Buy Now Pay Later,UPS,1,0
ORD001460,CUST00327,2025-04-07,Jewelry,224.4,0,0,Web Browser,iPad,Debit Card,USPS,1,0
ORD001461,CUST00327,2024-12-11,Tools,186.31,0,0,Web Browser,Windows PC,Crypto,USPS,1,0
ORD001462,CUST00327,2024-01-20,Home & Kitchen,158.96,0,0,Tablet App,Android,Credit Card,FedEx,1,0
ORD001463,CUST00328,2024-10-15,Home & Kitchen,164.68,1,0,Mobile App,MacBook,Debit Card,UPS,1,1
ORD001464,CUST00329,2024-02-14,Furniture,41.57,1,0,Mobile App,iPhone,PayPal,FedEx,1,0
ORD001465,CUST00329,2025-05-29,Home & Kitchen,249.47,0,0,Mobile App,iPhone,PayPal,OnTrac,1,1
ORD001466,CUST00329,2025-01-31,Books,251.62,0,0,Web Browser,Windows PC,Crypto,UPS,1,1
ORD001467,CUST00329,2024-03-02,Furniture,12.03,0,0,Web Browser,iPad,Credit Card,DHL,0,0
ORD001468,CUST00329,2025-06-30,Beauty,219.75,0,0,Tablet App,Android,Credit Card,UPS,1,0
ORD001469,CUST00329,2025-03-05,Tools,5.0,1,0,Mobile App,Windows PC,PayPal,UPS,1,0
ORD001470,CUST00329,2024-05-10,Furniture,12.53,1,0,Tablet App,Android,Buy Now Pay Later,DHL,0,0
ORD001471,CUST00330,2024-06-19,Furniture,110.42,0,0,Web Browser,Android,Debit Card,UPS,1,0
ORD001472,CUST00330,2024-07-29,Electronics,35.81,0,0,Tablet App,MacBook,Buy Now Pay Later,FedEx,1,0
ORD001473,CUST00330,2025-05-01,Clothing,167.53,1,0,Web Browser,iPhone,Gift Card,OnTrac,1,0
ORD001474,CUST00330,2025-01-26,Electronics,161.69,1,0,Tablet App,Android,Gift Card,UPS,1,0
ORD001475,CUST00330,2025-05-23,Electronics,213.3,0,0,Tablet App,iPad,Credit Card,USPS,1,1
ORD001476,CUST00330,2024-06-26,Tools,173.75,1,0,Web Browser,Windows PC,Buy Now Pay Later,DHL,1,0
ORD001477,CUST00330,2024-05-23,Toys,86.6,1,0,Tablet App,Windows PC,Buy Now Pay Later,UPS,1,0
ORD001478,CUST00331,2025-05-06,Sports,81.04,1,0,Mobile App,iPad,Crypto,UPS,0,0
ORD001479,CUST00331,2025-07-06,Beauty,136.07,1,0,Web Browser,iPad,Gift Card,USPS,1,1
ORD001480,CUST00331,2024-06-29,Grocery,33.36,0,0,Web Browser,MacBook,Gift Card,FedEx,1,1
ORD001481,CUST00331,2024-06-19,Clothing,6.04,1,0,Tablet App,iPhone,PayPal,OnTrac,0,0
ORD001482,CUST00331,2025-07-24,Beauty,194.12,1,0,Mobile App,iPhone,Crypto,USPS,1,0
ORD001483,CUST00332,2025-02-07,Jewelry,64.81,0,0,Tablet App,iPad,Buy Now Pay Later,DHL,1,0
ORD001484,CUST00332,2024-01-09,Toys,177.03,0,0,Web Browser,Android,Credit Card,DHL,1,0
ORD001485,CUST00332,2024-10-24,Beauty,284.03,0,0,Web Browser,MacBook,Gift Card,OnTrac,0,0
ORD001486,CUST00332,2024-05-10,Books,244.37,1,0,Tablet App,iPhone,Buy Now Pay Later,FedEx,1,0
ORD001487,CUST00332,2025-01-10,Jewelry,256.89,0,0,Web Browser,MacBook,PayPal,OnTrac,1,0
ORD001488,CUST00333,2025-04-28,Beauty,17.02,0,0,Web Browser,Windows PC,Credit Card,USPS,1,0
ORD001489,CUST00333,2024-10-30,Clothing,5.0,0,0,Web Browser,Android,Credit Card,OnTrac,0,0
ORD001490,CUST00333,2025-03-08,Beauty,140.47,0,0,Mobile App,iPad,Gift Card,FedEx,1,0
ORD001491,CUST00333,2025-05-23,Clothing,97.34,0,0,Web Browser,iPhone,Buy Now Pay Later,USPS,1,0
ORD001492,CUST00333,2024-05-26,Furniture,148.45,0,0,Web Browser,MacBook,Crypto,USPS,1,0
ORD001493,CUST00334,2024-08-08,Clothing,77.26,1,0,Mobile App,iPhone,Crypto,UPS,1,0
ORD001494,CUST00334,2024-03-27,Home & Kitchen,187.01,1,0,Web Browser,MacBook,Crypto,USPS,1,0
ORD001495,CUST00334,2025-05-08,Books,5.0,0,0,Web Browser,Windows PC,Gift Card,OnTrac,1,0
ORD001496,CUST00335,2024-09-04,Clothing,143.54,0,0,Tablet App,MacBook,Credit Card,OnTrac,1,0
ORD001497,CUST00335,2025-03-29,Toys,111.57,1,0,Web Browser,iPad,Credit Card,USPS,1,0
ORD001498,CUST00335,2025-03-14,Beauty,182.49,0,0,Web Browser,iPad,PayPal,DHL,1,0
ORD001499,CUST00335,2024-10-14,Sports,126.48,1,0,Web Browser,Windows PC,Gift Card,OnTrac,1,0
ORD001500,CUST00336,2024-06-18,Jewelry,74.19,0,0,Mobile App,iPhone,Gift Card,DHL,1,1
ORD001501,CUST00336,2024-10-21,Jewelry,50.73,0,0,Mobile App,Android,Buy Now Pay Later,DHL,1,0
ORD001502,CUST00336,2024-10-22,Furniture,26.88,1,0,Web Browser,iPhone,Crypto,FedEx,1,0
ORD001503,CUST00336,2024-11-10,Electronics,108.67,0,0,Mobile App,iPhone,Buy Now Pay Later,UPS,0,0
ORD001504,CUST00336,2024-06-05,Jewelry,93.75,0,0,Tablet App,Windows PC,Debit Card,USPS,1,0
ORD001505,CUST00336,2024-11-27,Books,232.5,0,0,Web Browser,Windows PC,Credit Card,FedEx,1,0
ORD001506,CUST00336,2025-02-19,Tools,110.77,0,0,Web Browser,iPhone,Credit Card,UPS,1,0
ORD001507,CUST00336,2025-08-15,Electronics,86.23,0,0,Web Browser,Windows PC,Buy Now Pay Later,DHL,1,0
ORD001508,CUST00336,2025-06-10,Beauty,120.8,1,0,Web Browser,Windows PC,Gift Card,FedEx,1,0
ORD001509,CUST00337,2024-08-04,Grocery,35.56,1,0,Web Browser,MacBook,Gift Card,FedEx,0,0
ORD001510,CUST00337,2025-04-20,Beauty,5.0,0,0,Tablet App,iPad,Gift Card,OnTrac,1,0
ORD001511,CUST00337,2025-03-03,Jewelry,396.7,0,1,Mobile App,MacBook,Buy Now Pay Later,DHL,1,0
ORD001512,CUST00337,2024-06-23,Shoes,5.0,1,0,Tablet App,Android,PayPal,USPS,1,0
ORD001513,CUST00337,2024-07-26,Shoes,5.0,0,0,Web Browser,iPhone,PayPal,FedEx,1,0
ORD001514,CUST00338,2024-10-06,Clothing,74.78,1,0,Mobile App,Windows PC,Credit Card,OnTrac,1,0
ORD001515,CUST00338,2025-02-06,Jewelry,169.61,0,0,Mobile App,Android,Credit Card,OnTrac,0,1
ORD001516,CUST00338,2025-05-30,Clothing,222.23,0,0,Tablet App,Android,PayPal,USPS,1,0
ORD001517,CUST00338,2024-01-21,Furniture,88.88,0,0,Mobile App,iPad,PayPal,DHL,0,0
ORD001518,CUST00338,2025-05-14,Furniture,138.71,0,0,Tablet App,iPhone,Crypto,FedEx,1,1
ORD001519,CUST00338,2025-02-21,Electronics,112.62,1,0,Mobile App,iPhone,PayPal,OnTrac,1,1
ORD001520,CUST00338,2024-07-22,Sports,235.48,0,0,Web Browser,Windows PC,Gift Card,USPS,0,0
ORD001521,CUST00338,2025-04-13,Grocery,130.71,1,0,Tablet App,iPhone,Crypto,UPS,0,1
ORD001522,CUST00339,2025-02-17,Jewelry,136.84,0,0,Web Browser,Windows PC,PayPal,UPS,1,0
ORD001523,CUST00339,2025-07-31,Books,168.69,0,0,Web Browser,iPad,Crypto,DHL,1,0
ORD001524,CUST00339,2025-07-03,Sports,77.17,1,0,Mobile App,iPad,Crypto,UPS,0,0
ORD001525,CUST00339,2024-04-10,Home & Kitchen,18.51,0,0,Web Browser,iPad,Credit Card,USPS,1,0
ORD001526,CUST00339,2024-08-02,Grocery,216.3,0,0,Mobile App,Windows PC,Gift Card,USPS,1,0
ORD001527,CUST00339,2024-06-03,Tools,85.28,0,0,Mobile App,iPhone,Buy Now Pay Later,DHL,1,0
ORD001528,CUST00339,2024-11-24,Tools,169.42,1,0,Web Browser,iPad,PayPal,USPS,1,0
ORD001529,CUST00339,2025-05-26,Furniture,240.94,1,0,Tablet App,Windows PC,Debit Card,UPS,1,0
ORD001530,CUST00339,2024-03-05,Beauty,173.48,0,0,Mobile App,Android,Gift Card,UPS,1,0
ORD001531,CUST00340,2024-08-28,Books,5.0,0,0,Web Browser,iPhone,Crypto,OnTrac,1,0
ORD001532,CUST00340,2025-05-24,Jewelry,295.3,1,0,Web Browser,iPhone,Credit Card,FedEx,1,0
ORD001533,CUST00340,2024-07-17,Beauty,144.9,1,0,Tablet App,iPhone,Gift Card,FedEx,1,0
ORD001534,CUST00341,2025-04-15,Furniture,5.0,0,0,Web Browser,iPhone,Credit Card,DHL,1,0
ORD001535,CUST00342,2024-10-09,Clothing,219.0,1,0,Mobile App,iPhone,Crypto,DHL,1,0
ORD001536,CUST00342,2025-08-08,Jewelry,95.12,0,0,Web Browser,iPhone,Gift Card,DHL,1,0
ORD001537,CUST00342,2025-07-15,Clothing,79.57,0,0,Web Browser,iPad,Gift Card,UPS,1,0
ORD001538,CUST00342,2025-03-06,Furniture,54.11,0,0,Web Browser,MacBook,Credit Card,FedEx,1,0
ORD001539,CUST00342,2024-09-01,Toys,182.81,0,0,Web Browser,iPhone,PayPal,DHL,1,0
ORD001540,CUST00343,2024-04-02,Home & Kitchen,5.0,0,0,Tablet App,Android,Crypto,UPS,1,0
ORD001541,CUST00343,2024-03-07,Tools,5.0,0,0,Mobile App,Windows PC,Debit Card,UPS,1,0
ORD001542,CUST00343,2024-03-04,Home & Kitchen,5.0,0,0,Web Browser,MacBook,Credit Card,UPS,1,0
ORD001543,CUST00343,2024-12-01,Tools,203.43,0,0,Web Browser,Android,Debit Card,FedEx,1,0
ORD001544,CUST00343,2025-05-24,Clothing,5.0,1,0,Web Browser,iPhone,Buy Now Pay Later,USPS,0,0
ORD001545,CUST00344,2025-02-16,Home & Kitchen,105.85,0,0,Tablet App,iPhone,Crypto,UPS,1,0
ORD001546,CUST00344,2025-08-09,Tools,47.37,0,0,Tablet App,iPad,Gift Card,FedEx,1,0
ORD001547,CUST00344,2025-03-31,Home & Kitchen,65.83,0,0,Mobile App,Android,Credit Card,DHL,1,0
ORD001548,CUST00344,2025-05-02,Toys,63.15,0,0,Tablet App,Windows PC,Gift Card,OnTrac,1,0
ORD001549,CUST00344,2025-04-25,Jewelry,76.78,0,0,Tablet App,MacBook,Credit Card,DHL,1,0
ORD001550,CUST00344,2024-12-12,Electronics,187.1,0,0,Web Browser,MacBook,PayPal,DHL,1,0
ORD001551,CUST00344,2024-01-04,Toys,166.18,0,0,Mobile App,MacBook,Debit Card,USPS,1,0
ORD001552,CUST00344,2024-06-24,Toys,226.61,1,0,Mobile App,MacBook,Buy Now Pay Later,FedEx,1,0
ORD001553,CUST00344,2024-03-26,Sports,176.03,0,0,Tablet App,iPad,Crypto,FedEx,1,0
ORD001554,CUST00345,2025-06-07,Books,22.82,1,0,Tablet App,Android,Buy Now Pay Later,USPS,1,0
ORD001555,CUST00345,2024-09-16,Clothing,171.58,0,0,Web Browser,Windows PC,Credit Card,DHL,1,0
ORD001556,CUST00345,2024-10-28,Home & Kitchen,211.91,0,0,Web Browser,MacBook,Debit Card,UPS,1,0
ORD001557,CUST00345,2024-04-26,Electronics,80.54,0,0,Mobile App,Windows PC,Credit Card,OnTrac,1,0
ORD001558,CUST00345,2024-09-25,Toys,60.1,0,0,Mobile App,Windows PC,PayPal,USPS,1,0
ORD001559,CUST00345,2025-08-19,Furniture,143.22,0,0,Web Browser,Windows PC,Gift Card,USPS,1,0
ORD001560,CUST00345,2024-09-14,Grocery,39.33,0,0,Tablet App,Android,Crypto,USPS,1,0
ORD001561,CUST00345,2024-09-25,Books,94.83,0,0,Tablet App,iPhone,Buy Now Pay Later,DHL,1,0
ORD001562,CUST00346,2024-08-06,Grocery,13.78,0,0,Web Browser,iPhone,PayPal,USPS,1,0
ORD001563,CUST00346,2024-10-27,Jewelry,121.79,0,0,Web Browser,iPad,PayPal,FedEx,1,0
ORD001564,CUST00346,2024-11-07,Tools,69.42,0,0,Mobile App,iPad,Debit Card,DHL,1,0
ORD001565,CUST00346,2025-05-09,Toys,82.99,0,0,Mobile App,iPhone,Gift Card,FedEx,1,1
ORD001566,CUST00346,2025-02-16,Books,213.1,0,0,Web Browser,iPhone,Gift Card,OnTrac,1,0
ORD001567,CUST00347,2025-07-04,Toys,176.65,0,0,Tablet App,Android,Buy Now Pay Later,OnTrac,1,0
ORD001568,CUST00347,2024-02-26,Toys,137.21,1,0,Mobile App,iPhone,Buy Now Pay Later,USPS,1,0
ORD001569,CUST00348,2024-06-06,Toys,16.67,0,0,Mobile App,iPad,Crypto,OnTrac,1,0
ORD001570,CUST00348,2025-08-10,Toys,130.37,1,0,Mobile App,MacBook,Credit Card,OnTrac,1,0
ORD001571,CUST00348,2024-09-25,Jewelry,154.34,1,0,Tablet App,Windows PC,Buy Now Pay Later,FedEx,1,0
ORD001572,CUST00349,2024-09-03,Sports,209.87,0,0,Tablet App,Android,Debit Card,USPS,1,0
ORD001573,CUST00349,2025-03-06,Tools,5.0,0,0,Web Browser,Windows PC,Gift Card,OnTrac,0,1
ORD001574,CUST00349,2025-03-15,Books,147.67,1,0,Tablet App,iPad,Buy Now Pay Later,OnTrac,0,0
ORD001575,CUST00349,2025-06-25,Sports,110.28,1,0,Web Browser,iPhone,Crypto,DHL,1,0
ORD001576,CUST00349,2024-01-08,Sports,244.92,0,0,Mobile App,iPad,Buy Now Pay Later,FedEx,0,0
ORD001577,CUST00349,2024-07-22,Toys,126.87,0,0,Web Browser,iPad,Credit Card,UPS,1,0
ORD001578,CUST00350,2024-07-09,Books,139.25,1,0,Mobile App,Android,PayPal,DHL,1,0
ORD001579,CUST00350,2024-06-18,Books,227.12,0,0,Web Browser,Windows PC,PayPal,DHL,1,0
ORD001580,CUST00350,2025-06-05,Furniture,241.0,0,0,Web Browser,Windows PC,Crypto,UPS,1,0
ORD001581,CUST00350,2024-10-25,Tools,107.6,1,0,Mobile App,iPhone,Debit Card,USPS,1,0
ORD001582,CUST00350,2025-03-09,Home & Kitchen,14.89,0,0,Tablet App,Windows PC,PayPal,USPS,1,0
ORD001583,CUST00350,2024-06-28,Clothing,199.83,0,0,Web Browser,Android,Crypto,DHL,1,0
ORD001584,CUST00351,2024-12-25,Grocery,222.18,1,0,Web Browser,Android,PayPal,USPS,1,0
ORD001585,CUST00351,2024-02-15,Tools,137.32,1,0,Tablet App,Windows PC,Crypto,UPS,1,0
ORD001586,CUST00351,2024-03-13,Home & Kitchen,176.49,0,0,Tablet App,MacBook,PayPal,UPS,1,0
ORD001587,CUST00352,2025-05-24,Books,5.0,1,0,Mobile App,iPad,Crypto,USPS,1,0
ORD001588,CUST00352,2024-10-19,Grocery,133.19,0,0,Tablet App,Windows PC,PayPal,FedEx,1,0
ORD001589,CUST00352,2024-04-03,Clothing,97.55,1,0,Mobile App,iPhone,PayPal,FedEx,1,0
ORD001590,CUST00352,2024-01-17,Sports,75.16,0,0,Mobile App,Android,PayPal,UPS,1,0
ORD001591,CUST00352,2025-06-15,Home & Kitchen,129.04,0,0,Mobile App,Android,Debit Card,OnTrac,1,0
ORD001592,CUST00353,2024-09-22,Toys,186.35,1,0,Tablet App,MacBook,Gift Card,UPS,1,0
ORD001593,CUST00353,2024-07-30,Toys,126.92,1,0,Web Browser,Windows PC,Credit Card,DHL,1,0
ORD001594,CUST00353,2025-05-22,Clothing,5.0,0,0,Web Browser,Android,Credit Card,DHL,1,0
ORD001595,CUST00353,2024-09-02,Grocery,180.39,0,0,Mobile App,iPad,Debit Card,FedEx,1,0
ORD001596,CUST00353,2025-06-14,Furniture,79.82,1,0,Tablet App,Android,Credit Card,DHL,1,0
ORD001597,CUST00354,2024-04-04,Grocery,252.3,1,0,Web Browser,Windows PC,Buy Now Pay Later,OnTrac,1,0
ORD001598,CUST00354,2025-08-11,Home & Kitchen,90.32,0,0,Tablet App,Windows PC,Crypto,UPS,1,0
ORD001599,CUST00354,2024-01-25,Shoes,52.44,1,0,Tablet App,Windows PC,Debit Card,OnTrac,1,0
ORD001600,CUST00354,2024-11-15,Toys,5.0,0,0,Mobile App,MacBook,Debit Card,USPS,1,0
ORD001601,CUST00354,2025-05-09,Toys,76.28,1,0,Tablet App,iPad,Buy Now Pay Later,OnTrac,1,0
ORD001602,CUST00355,2025-02-11,Shoes,186.46,0,0,Web Browser,iPhone,Gift Card,USPS,1,0
ORD001603,CUST00355,2025-06-09,Shoes,119.53,0,0,Mobile App,MacBook,Credit Card,UPS,0,0
ORD001604,CUST00355,2024-06-20,Beauty,172.36,1,0,Mobile App,Windows PC,Gift Card,USPS,1,0
ORD001605,CUST00355,2025-07-08,Jewelry,175.09,0,0,Tablet App,Android,Debit Card,OnTrac,1,0
ORD001606,CUST00355,2024-10-12,Shoes,53.97,0,0,Web Browser,iPad,Buy Now Pay Later,DHL,1,0
ORD001607,CUST00355,2024-03-21,Toys,5.0,0,0,Web Browser,Android,Crypto,FedEx,1,0
ORD001608,CUST00356,2024-06-28,Toys,152.34,0,0,Web Browser,MacBook,PayPal,DHL,1,0
ORD001609,CUST00357,2024-08-02,Electronics,131.17,0,0,Web Browser,MacBook,Gift Card,USPS,0,0
ORD001610,CUST00357,2024-10-03,Sports,88.0,0,0,Tablet App,iPhone,Gift Card,OnTrac,0,0
ORD001611,CUST00357,2025-03-23,Toys,47.29,0,0,Tablet App,MacBook,Crypto,USPS,1,0
ORD001612,CUST00357,2025-01-14,Beauty,259.98,1,0,Mobile App,Android,Credit Card,FedEx,1,0
ORD001613,CUST00358,2024-04-21,Sports,33.16,1,0,Mobile App,iPad,Buy Now Pay Later,OnTrac,1,0
ORD001614,CUST00358,2024-05-16,Sports,89.36,1,0,Web Browser,MacBook,Gift Card,USPS,1,0
ORD001615,CUST00358,2025-01-06,Shoes,61.47,0,0,Mobile App,MacBook,Buy Now Pay Later,FedEx,1,0
ORD001616,CUST00358,2025-04-23,Jewelry,138.49,1,0,Mobile App,Android,Buy Now Pay Later,DHL,1,0
ORD001617,CUST00358,2024-11-11,Electronics,113.41,1,0,Mobile App,Android,Credit Card,USPS,1,0
ORD001618,CUST00358,2025-07-09,Shoes,179.51,0,0,Tablet App,MacBook,Credit Card,DHL,1,0
ORD001619,CUST00359,2025-05-10,Beauty,196.16,0,0,Tablet App,iPhone,Debit Card,OnTrac,1,0
ORD001620,CUST00359,2025-05-05,Toys,102.1,0,0,Web Browser,iPhone,Gift Card,USPS,1,0
ORD001621,CUST00359,2024-02-18,Clothing,107.44,1,0,Tablet App,iPad,Debit Card,UPS,1,0
ORD001622,CUST00359,2024-05-21,Furniture,92.4,0,0,Tablet App,iPad,Buy Now Pay Later,USPS,1,0
ORD001623,CUST00359,2025-07-31,Toys,89.78,1,0,Mobile App,iPhone,Credit Card,DHL,1,0
ORD001624,CUST00360,2024-03-12,Sports,260.3,0,0,Web Browser,Windows PC,Debit Card,OnTrac,1,0
ORD001625,CUST00360,2024-03-21,Beauty,166.15,0,0,Tablet App,MacBook,Debit Card,FedEx,1,0
ORD001626,CUST00360,2025-06-27,Jewelry,167.61,1,0,Web Browser,Android,Crypto,FedEx,1,0
ORD001627,CUST00360,2024-09-19,Shoes,35.79,1,0,Mobile App,Windows PC,Credit Card,FedEx,1,0
ORD001628,CUST00361,2024-07-01,Beauty,36.22,1,0,Web Browser,Android,PayPal,FedEx,1,0
ORD001629,CUST00362,2024-03-20,Shoes,98.95,0,0,Web Browser,MacBook,Buy Now Pay Later,DHL,1,0
ORD001630,CUST00362,2025-04-05,Beauty,22.69,1,0,Tablet App,MacBook,PayPal,USPS,1,0
ORD001631,CUST00363,2025-04-03,Sports,287.3,1,0,Tablet App,MacBook,Crypto,USPS,1,0
ORD001632,CUST00363,2024-03-28,Beauty,208.63,0,0,Web Browser,MacBook,Debit Card,OnTrac,1,0
ORD001633,CUST00363,2025-07-09,Tools,134.71,0,0,Tablet App,Android,Debit Card,OnTrac,1,0
ORD001634,CUST00363,2025-06-01,Grocery,56.34,0,0,Web Browser,Android,Buy Now Pay Later,FedEx,1,0
ORD001635,CUST00363,2024-08-14,Grocery,37.95,0,0,Web Browser,Android,PayPal,OnTrac,1,0
ORD001636,CUST00364,2024-03-02,Clothing,112.74,1,0,Web Browser,Windows PC,Credit Card,UPS,1,0
ORD001637,CUST00364,2025-01-22,Books,121.98,0,0,Web Browser,Android,Gift Card,UPS,1,0
ORD001638,CUST00364,2025-05-31,Beauty,8.54,1,0,Tablet App,iPad,Buy Now Pay Later,DHL,1,0
ORD001639,CUST00364,2024-08-31,Home & Kitchen,57.94,1,0,Mobile App,iPhone,Credit Card,OnTrac,1,0
ORD001640,CUST00364,2024-06-22,Toys,109.3,0,0,Web Browser,iPad,Debit Card,FedEx,1,0
ORD001641,CUST00365,2024-10-16,Toys,176.14,0,0,Web Browser,Android,Gift Card,USPS,1,0
ORD001642,CUST00365,2024-12-12,Toys,115.63,0,0,Mobile App,iPhone,Credit Card,DHL,1,0
ORD001643,CUST00365,2024-05-10,Books,50.96,0,0,Web Browser,MacBook,Debit Card,OnTrac,1,0
ORD001644,CUST00365,2024-09-01,Sports,95.33,0,0,Mobile App,iPhone,Debit Card,UPS,1,0
ORD001645,CUST00366,2024-09-12,Furniture,104.28,1,0,Web Browser,Android,Buy Now Pay Later,DHL,1,0
ORD001646,CUST00366,2024-05-23,Furniture,145.15,0,0,Mobile App,iPad,PayPal,FedEx,1,0
ORD001647,CUST00366,2025-04-12,Shoes,191.62,0,0,Tablet App,iPad,Buy Now Pay Later,DHL,1,0
ORD001648,CUST00366,2024-12-20,Furniture,201.09,1,0,Tablet App,MacBook,Buy Now Pay Later,DHL,1,0
ORD001649,CUST00367,2025-05-22,Tools,38.58,1,0,Web Browser,Android,Gift Card,OnTrac,1,0
ORD001650,CUST00367,2024-04-25,Home & Kitchen,189.01,0,0,Web Browser,Android,Gift Card,DHL,1,0
ORD001651,CUST00367,2024-09-26,Sports,168.63,0,0,Mobile App,Windows PC,Gift Card,USPS,1,0
ORD001652,CUST00367,2025-07-04,Books,142.19,1,0,Tablet App,iPad,PayPal,FedEx,1,1
ORD001653,CUST00367,2024-05-19,Jewelry,5.0,1,0,Tablet App,iPad,Debit Card,FedEx,1,0
ORD001654,CUST00367,2024-03-25,Jewelry,144.52,1,0,Tablet App,iPhone,Buy Now Pay Later,UPS,1,0
ORD001655,CUST00367,2025-01-23,Electronics,211.96,1,0,Mobile App,iPad,Debit Card,OnTrac,1,0
ORD001656,CUST00367,2024-09-30,Clothing,84.05,0,0,Web Browser,Windows PC,PayPal,FedEx,1,0
ORD001657,CUST00368,2025-03-03,Sports,152.23,1,0,Web Browser,iPad,Credit Card,OnTrac,1,0
ORD001658,CUST00368,2024-02-10,Jewelry,147.02,0,0,Mobile App,Android,Buy Now Pay Later,DHL,0,0
ORD001659,CUST00368,2025-02-12,Home & Kitchen,69.07,0,0,Mobile App,iPad,Crypto,OnTrac,1,0
ORD001660,CUST00368,2024-01-24,Beauty,113.24,0,0,Web Browser,Windows PC,PayPal,OnTrac,1,0
ORD001661,CUST00368,2024-10-04,Electronics,176.18,1,0,Tablet App,Android,Gift Card,OnTrac,1,0
ORD001662,CUST00368,2024-08-02,Beauty,32.64,1,0,Mobile App,iPad,Debit Card,USPS,1,0
ORD001663,CUST00369,2025-04-16,Beauty,195.04,1,0,Web Browser,Android,Gift Card,UPS,1,0
ORD001664,CUST00369,2025-02-18,Books,5.0,0,0,Tablet App,Android,Gift Card,UPS,1,0
ORD001665,CUST00369,2024-02-10,Grocery,5.0,1,0,Tablet App,iPhone,Buy Now Pay Later,DHL,1,0
ORD001666,CUST00369,2025-04-19,Sports,174.78,0,0,Mobile App,iPad,Debit Card,USPS,1,0
ORD001667,CUST00369,2024-07-16,Grocery,370.21,0,1,Web Browser,Windows PC,Buy Now Pay Later,FedEx,1,0
ORD001668,CUST00369,2024-07-19,Beauty,113.01,0,0,Tablet App,Windows PC,Buy Now Pay Later,FedEx,1,0
ORD001669,CUST00369,2024-02-03,Electronics,103.37,0,0,Web Browser,Android,Credit Card,FedEx,1,0
ORD001670,CUST00369,2024-02-09,Clothing,194.65,0,0,Mobile App,MacBook,PayPal,FedEx,1,0
ORD001671,CUST00370,2024-11-10,Shoes,266.4,1,0,Tablet App,iPhone,Gift Card,USPS,1,0
ORD001672,CUST00370,2025-05-17,Electronics,139.85,1,0,Web Browser,iPhone,Debit Card,UPS,1,0
ORD001673,CUST00370,2024-02-06,Shoes,19.79,1,0,Tablet App,Android,Gift Card,UPS,1,0
ORD001674,CUST00371,2025-06-30,Electronics,20.7,0,0,Tablet App,iPhone,Crypto,DHL,1,0
ORD001675,CUST00371,2024-10-16,Grocery,175.31,1,0,Tablet App,iPad,Crypto,DHL,1,0
ORD001676,CUST00371,2025-06-27,Home & Kitchen,15.62,0,0,Tablet App,Android,Debit Card,DHL,1,0
ORD001677,CUST00371,2024-12-14,Clothing,202.26,1,0,Mobile App,iPad,Crypto,DHL,1,0
ORD001678,CUST00372,2025-02-26,Tools,102.77,0,0,Tablet App,Windows PC,Debit Card,DHL,1,0
ORD001679,CUST00372,2025-03-03,Home & Kitchen,94.88,0,0,Mobile App,iPhone,Gift Card,DHL,1,0
ORD001680,CUST00372,2024-07-11,Jewelry,100.2,0,0,Web Browser,MacBook,Debit Card,DHL,0,0
ORD001681,CUST00372,2024-02-17,Shoes,187.38,0,0,Web Browser,iPad,PayPal,OnTrac,1,0
ORD001682,CUST00373,2024-01-14,Grocery,150.99,1,0,Mobile App,MacBook,Credit Card,FedEx,1,0
ORD001683,CUST00373,2024-10-11,Sports,216.32,1,0,Web Browser,iPad,Debit Card,OnTrac,1,0
ORD001684,CUST00373,2025-01-20,Sports,5.0,1,0,Web Browser,Android,Crypto,FedEx,1,0
ORD001685,CUST00373,2024-06-10,Furniture,101.72,1,0,Tablet App,MacBook,Credit Card,USPS,1,1
ORD001686,CUST00374,2024-09-02,Beauty,145.3,0,0,Tablet App,iPhone,Gift Card,OnTrac,1,0
ORD001687,CUST00374,2024-09-09,Books,129.72,0,0,Tablet App,Android,Crypto,USPS,1,0
ORD001688,CUST00374,2024-03-21,Toys,97.78,1,0,Web Browser,Android,Buy Now Pay Later,DHL,1,0
ORD001689,CUST00375,2024-11-24,Jewelry,144.76,0,0,Web Browser,MacBook,Credit Card,UPS,1,0
ORD001690,CUST00375,2025-05-12,Tools,65.8,0,0,Tablet App,MacBook,Debit Card,USPS,0,0
ORD001691,CUST00375,2025-04-25,Jewelry,66.44,0,0,Tablet App,Windows PC,Buy Now Pay Later,USPS,1,0
ORD001692,CUST00375,2024-04-10,Clothing,199.71,0,0,Mobile App,iPad,Buy Now Pay Later,UPS,1,0
ORD001693,CUST00375,2025-01-24,Tools,6.05,1,0,Mobile App,iPhone,Gift Card,FedEx,1,0
ORD001694,CUST00375,2024-10-27,Shoes,78.97,1,0,Web Browser,MacBook,Gift Card,DHL,1,0
ORD001695,CUST00375,2024-01-20,Books,122.91,0,0,Mobile App,MacBook,Gift Card,FedEx,1,0
ORD001696,CUST00375,2025-01-10,Furniture,144.96,1,0,Web Browser,iPhone,Credit Card,FedEx,1,0
ORD001697,CUST00376,2024-06-30,Tools,79.6,1,0,Mobile App,MacBook,PayPal,UPS,0,0
ORD001698,CUST00376,2024-11-14,Grocery,191.39,1,0,Mobile App,iPhone,Credit Card,UPS,1,0
ORD001699,CUST00376,2024-05-01,Electronics,16.01,1,0,Mobile App,iPad,PayPal,UPS,1,0
ORD001700,CUST00376,2025-03-11,Toys,158.67,1,0,Mobile App,iPhone,PayPal,UPS,0,0
ORD001701,CUST00376,2024-11-16,Sports,170.92,1,0,Tablet App,MacBook,Crypto,OnTrac,1,1
ORD001702,CUST00376,2024-08-27,Tools,220.47,0,0,Mobile App,Windows PC,Credit Card,UPS,0,0
ORD001703,CUST00376,2024-03-13,Shoes,222.91,0,0,Mobile App,iPad,Gift Card,USPS,1,0
ORD001704,CUST00377,2024-09-15,Electronics,148.78,1,0,Web Browser,Android,Debit Card,UPS,1,0
ORD001705,CUST00378,2025-03-15,Toys,28.7,0,0,Mobile App,iPhone,Gift Card,FedEx,1,0
ORD001706,CUST00378,2025-07-05,Electronics,5.0,0,0,Tablet App,Android,Crypto,OnTrac,1,0
ORD001707,CUST00378,2025-06-08,Toys,155.93,0,0,Tablet App,iPad,Buy Now Pay Later,OnTrac,1,0
ORD001708,CUST00378,2025-02-21,Home & Kitchen,286.54,0,0,Mobile App,iPhone,Debit Card,DHL,1,0
ORD001709,CUST00378,2024-10-30,Clothing,73.77,0,0,Mobile App,MacBook,Buy Now Pay Later,USPS,1,0
ORD001710,CUST00379,2024-10-17,Furniture,170.08,1,0,Mobile App,iPhone,Credit Card,UPS,1,0
ORD001711,CUST00379,2024-03-18,Grocery,120.05,0,0,Tablet App,Windows PC,Buy Now Pay Later,DHL,1,0
ORD001712,CUST00379,2025-07-27,Sports,94.2,0,0,Web Browser,iPhone,Crypto,FedEx,0,0
ORD001713,CUST00379,2025-01-17,Grocery,333.71,0,1,Web Browser,MacBook,Crypto,FedEx,1,0
ORD001714,CUST00380,2025-04-30,Beauty,33.48,1,0,Tablet App,iPad,Buy Now Pay Later,DHL,1,0
ORD001715,CUST00380,2025-06-13,Toys,5.0,0,0,Web Browser,MacBook,Debit Card,OnTrac,1,0
ORD001716,CUST00380,2024-12-29,Jewelry,98.81,1,0,Tablet App,iPhone,Debit Card,OnTrac,1,0
ORD001717,CUST00381,2025-06-12,Sports,108.45,0,0,Mobile App,MacBook,Crypto,OnTrac,1,0
ORD001718,CUST00381,2024-03-14,Grocery,81.96,1,0,Tablet App,Android,Crypto,DHL,1,0
ORD001719,CUST00381,2025-08-18,Sports,41.53,0,0,Web Browser,iPad,PayPal,FedEx,1,0
ORD001720,CUST00381,2024-10-30,Furniture,226.55,0,0,Web Browser,MacBook,Credit Card,DHL,1,0
ORD001721,CUST00381,2025-07-23,Books,218.75,0,0,Mobile App,Windows PC,Crypto,OnTrac,0,0
ORD001722,CUST00382,2024-08-07,Beauty,142.32,0,0,Mobile App,Android,Debit Card,FedEx,0,0
ORD001723,CUST00382,2024-03-22,Furniture,100.8,0,0,Web Browser,Android,Crypto,UPS,0,1
ORD001724,CUST00382,2024-05-04,Home & Kitchen,182.1,0,0,Mobile App,iPhone,Gift Card,DHL,0,0
ORD001725,CUST00382,2025-03-09,Beauty,184.81,0,0,Web Browser,Windows PC,Buy Now Pay Later,UPS,1,0
ORD001726,CUST00383,2024-03-31,Furniture,274.15,1,0,Tablet App,MacBook,Credit Card,FedEx,1,0
ORD001727,CUST00383,2025-02-04,Electronics,158.4,1,0,Tablet App,Windows PC,Gift Card,USPS,1,0
ORD001728,CUST00384,2025-07-24,Toys,64.71,0,0,Web Browser,iPhone,Buy Now Pay Later,FedEx,0,0
ORD001729,CUST00384,2025-01-30,Shoes,45.35,1,0,Tablet App,MacBook,Crypto,UPS,0,0
ORD001730,CUST00384,2024-08-14,Grocery,167.94,0,0,Mobile App,Android,Gift Card,USPS,1,0
ORD001731,CUST00384,2025-05-08,Tools,79.98,1,0,Tablet App,Windows PC,Gift Card,UPS,1,1
ORD001732,CUST00385,2024-07-29,Clothing,178.65,0,0,Web Browser,iPad,Credit Card,USPS,1,0
ORD001733,CUST00385,2025-01-13,Sports,226.79,0,0,Web Browser,Windows PC,PayPal,FedEx,1,0
ORD001734,CUST00385,2024-06-09,Clothing,5.0,0,0,Web Browser,MacBook,Credit Card,UPS,1,0
ORD001735,CUST00386,2024-10-11,Home & Kitchen,179.77,0,0,Mobile App,iPhone,PayPal,DHL,1,0
ORD001736,CUST00386,2025-07-08,Grocery,144.36,0,0,Mobile App,Android,Gift Card,UPS,0,0
ORD001737,CUST00386,2025-02-10,Furniture,35.6,0,0,Web Browser,Windows PC,Buy Now Pay Later,UPS,1,0
ORD001738,CUST00387,2024-04-03,Tools,143.44,1,0,Web Browser,iPhone,Crypto,FedEx,1,0
ORD001739,CUST00387,2025-08-04,Tools,5.0,0,0,Tablet App,iPhone,Credit Card,UPS,1,0
ORD001740,CUST00387,2024-06-26,Grocery,55.68,0,0,Mobile App,iPhone,PayPal,USPS,1,0
ORD001741,CUST00388,2024-02-07,Clothing,72.56,0,0,Web Browser,iPad,PayPal,UPS,1,0
ORD001742,CUST00388,2024-06-04,Furniture,5.0,1,0,Tablet App,Windows PC,Credit Card,OnTrac,1,0
ORD001743,CUST00388,2025-06-03,Jewelry,202.21,0,0,Mobile App,MacBook,Credit Card,USPS,1,0
ORD001744,CUST00388,2024-02-12,Grocery,21.32,0,0,Web Browser,iPhone,PayPal,DHL,1,1
ORD001745,CUST00388,2024-10-23,Jewelry,238.27,1,0,Mobile App,iPad,Gift Card,DHL,1,0
ORD001746,CUST00388,2024-10-30,Electronics,27.0,0,0,Tablet App,MacBook,Crypto,FedEx,1,0
ORD001747,CUST00388,2024-10-31,Sports,32.75,0,0,Tablet App,iPhone,Buy Now Pay Later,OnTrac,1,0
ORD001748,CUST00388,2024-01-29,Jewelry,227.04,1,0,Tablet App,iPad,Debit Card,UPS,1,0
ORD001749,CUST00389,2024-08-09,Electronics,209.85,1,0,Tablet App,MacBook,Buy Now Pay Later,USPS,1,0
ORD001750,CUST00389,2025-02-02,Grocery,70.31,1,0,Tablet App,iPad,Credit Card,OnTrac,1,0
ORD001751,CUST00389,2024-01-07,Electronics,171.74,0,0,Web Browser,Android,Gift Card,OnTrac,1,0
ORD001752,CUST00389,2024-03-18,Grocery,88.79,1,0,Tablet App,iPad,Buy Now Pay Later,UPS,1,0
ORD001753,CUST00389,2024-07-01,Furniture,75.13,0,0,Web Browser,MacBook,Credit Card,USPS,1,0
ORD001754,CUST00390,2024-04-11,Jewelry,90.02,1,0,Web Browser,Windows PC,PayPal,FedEx,1,0
ORD001755,CUST00390,2024-06-06,Electronics,120.14,0,0,Mobile App,Windows PC,Crypto,UPS,1,0
ORD001756,CUST00390,2024-01-03,Jewelry,74.43,1,0,Web Browser,Windows PC,PayPal,OnTrac,1,0
ORD001757,CUST00391,2024-07-09,Grocery,130.93,0,0,Tablet App,iPhone,Gift Card,FedEx,1,0
ORD001758,CUST00391,2024-04-14,Books,135.71,0,0,Web Browser,iPhone,Crypto,DHL,1,0
ORD001759,CUST00391,2025-03-26,Toys,195.28,0,0,Web Browser,iPad,Credit Card,FedEx,1,0
ORD001760,CUST00392,2024-03-12,Furniture,87.73,1,0,Mobile App,MacBook,PayPal,OnTrac,1,0
ORD001761,CUST00392,2024-03-19,Books,236.52,1,0,Mobile App,iPhone,Gift Card,FedEx,1,0
ORD001762,CUST00392,2025-06-29,Grocery,5.0,1,0,Web Browser,iPad,Gift Card,UPS,1,0
ORD001763,CUST00392,2024-02-19,Toys,172.04,0,0,Tablet App,iPhone,PayPal,UPS,1,0
ORD001764,CUST00392,2024-10-14,Clothing,186.3,0,0,Mobile App,MacBook,Debit Card,OnTrac,1,0
ORD001765,CUST00393,2024-05-14,Beauty,190.93,0,0,Mobile App,MacBook,Crypto,OnTrac,0,0
ORD001766,CUST00393,2024-04-04,Shoes,143.62,0,0,Mobile App,iPhone,PayPal,UPS,0,0
ORD001767,CUST00393,2025-06-30,Jewelry,238.77,0,0,Tablet App,Android,Debit Card,OnTrac,1,0
ORD001768,CUST00394,2025-04-28,Home & Kitchen,278.13,0,0,Tablet App,iPhone,PayPal,UPS,1,0
ORD001769,CUST00394,2025-02-28,Books,216.79,0,0,Mobile App,MacBook,Crypto,DHL,1,0
ORD001770,CUST00395,2024-09-01,Shoes,183.28,0,0,Tablet App,Windows PC,Buy Now Pay Later,USPS,1,0
ORD001771,CUST00395,2025-02-18,Beauty,191.38,0,0,Tablet App,iPad,Buy Now Pay Later,UPS,1,0
ORD001772,CUST00396,2025-06-19,Grocery,182.07,0,0,Mobile App,iPad,Crypto,DHL,0,0
ORD001773,CUST00396,2024-10-31,Furniture,5.0,0,0,Tablet App,Windows PC,Debit Card,FedEx,1,0
ORD001774,CUST00396,2025-06-28,Jewelry,68.98,0,0,Tablet App,Android,PayPal,DHL,1,0
ORD001775,CUST00397,2024-10-07,Shoes,44.23,0,0,Tablet App,iPad,Crypto,DHL,1,0
ORD001776,CUST00397,2025-04-15,Grocery,15.63,0,0,Tablet App,Windows PC,Buy Now Pay Later,OnTrac,1,0
ORD001777,CUST00398,2025-06-18,Shoes,99.61,1,0,Web Browser,iPad,Gift Card,FedEx,1,0
ORD001778,CUST00398,2024-02-22,Electronics,64.82,1,0,Mobile App,iPad,Buy Now Pay Later,OnTrac,1,0
ORD001779,CUST00398,2024-12-03,Books,113.47,0,0,Mobile App,Android,Credit Card,USPS,1,0
ORD001780,CUST00399,2025-03-08,Tools,45.27,1,0,Mobile App,iPad,Buy Now Pay Later,OnTrac,0,0
ORD001781,CUST00399,2025-01-01,Beauty,171.23,1,0,Tablet App,iPhone,Crypto,USPS,1,1
ORD001782,CUST00399,2024-02-16,Jewelry,232.32,1,0,Mobile App,Windows PC,Credit Card,DHL,1,0
ORD001783,CUST00399,2024-03-04,Shoes,116.94,1,0,Mobile App,iPhone,Crypto,UPS,1,0
ORD001784,CUST00399,2025-05-10,Shoes,166.11,0,0,Web Browser,Windows PC,Debit Card,FedEx,1,0
ORD001785,CUST00400,2024-11-15,Grocery,116.34,0,0,Tablet App,Android,PayPal,UPS,1,0
ORD001786,CUST00400,2024-01-29,Clothing,54.8,1,0,Mobile App,Windows PC,Buy Now Pay Later,OnTrac,1,0
ORD001787,CUST00400,2025-05-08,Sports,117.16,1,0,Tablet App,iPad,Gift Card,OnTrac,1,0
ORD001788,CUST00400,2024-03-10,Home & Kitchen,117.6,0,0,Tablet App,MacBook,Gift Card,FedEx,1,0
ORD001789,CUST00400,2024-12-17,Shoes,46.2,1,0,Mobile App,Windows PC,PayPal,DHL,1,0
ORD001790,CUST00400,2025-08-05,Toys,92.55,1,0,Web Browser,MacBook,Credit Card,UPS,1,0
ORD001791,CUST00400,2024-11-18,Clothing,100.48,0,0,Tablet App,Android,Gift Card,DHL,1,0
ORD001792,CUST00401,2024-07-31,Clothing,5.0,1,0,Web Browser,MacBook,Credit Card,UPS,1,0
ORD001793,CUST00401,2024-11-29,Clothing,38.1,0,0,Mobile App,Windows PC,Crypto,USPS,1,0
ORD001794,CUST00402,2024-04-22,Electronics,104.91,0,0,Mobile App,MacBook,Credit Card,OnTrac,1,0
ORD001795,CUST00402,2025-02-13,Beauty,121.24,0,0,Mobile App,Android,Credit Card,OnTrac,1,0
ORD001796,CUST00402,2025-07-17,Tools,64.03,0,0,Web Browser,iPad,PayPal,USPS,1,0
ORD001797,CUST00402,2025-08-18,Tools,126.19,1,0,Mobile App,MacBook,Crypto,DHL,1,0
ORD001798,CUST00402,2024-05-11,Jewelry,189.29,1,0,Mobile App,Android,PayPal,OnTrac,1,0
ORD001799,CUST00403,2025-06-21,Shoes,178.21,1,0,Mobile App,MacBook,Credit Card,OnTrac,1,1
ORD001800,CUST00403,2024-10-11,Grocery,151.26,0,0,Web Browser,Android,Credit Card,USPS,1,0
ORD001801,CUST00403,2024-12-18,Clothing,94.77,1,0,Mobile App,MacBook,Crypto,UPS,0,0
ORD001802,CUST00403,2025-04-05,Electronics,101.8,0,0,Tablet App,Android,Crypto,DHL,1,1
ORD001803,CUST00403,2024-11-30,Beauty,165.06,0,0,Mobile App,MacBook,PayPal,USPS,0,1
ORD001804,CUST00404,2025-02-24,Grocery,220.98,1,0,Web Browser,Android,Crypto,UPS,0,0
ORD001805,CUST00404,2024-06-17,Sports,209.42,0,0,Tablet App,MacBook,Gift Card,UPS,1,0
ORD001806,CUST00404,2024-02-12,Tools,189.42,0,0,Web Browser,iPad,Crypto,DHL,1,0
ORD001807,CUST00404,2024-08-11,Clothing,123.14,1,0,Tablet App,Android,Gift Card,FedEx,1,0
ORD001808,CUST00404,2024-05-06,Toys,211.25,1,0,Web Browser,Windows PC,Gift Card,DHL,1,0
ORD001809,CUST00404,2025-01-20,Sports,34.53,0,0,Tablet App,Windows PC,Gift Card,OnTrac,1,0
ORD001810,CUST00404,2025-01-31,Jewelry,5.0,1,0,Tablet App,Windows PC,Debit Card,DHL,1,0
ORD001811,CUST00405,2024-03-24,Jewelry,40.59,0,0,Tablet App,iPad,Crypto,DHL,1,0
ORD001812,CUST00405,2025-01-23,Toys,5.0,0,0,Mobile App,Android,Debit Card,USPS,1,0
ORD001813,CUST00405,2024-11-27,Furniture,363.97,0,1,Mobile App,iPad,Crypto,UPS,1,0
ORD001814,CUST00405,2025-04-02,Clothing,69.48,1,0,Tablet App,Android,PayPal,DHL,1,0
ORD001815,CUST00405,2025-04-29,Jewelry,263.1,1,0,Mobile App,Android,Crypto,UPS,1,0
ORD001816,CUST00405,2025-05-19,Grocery,30.13,0,0,Web Browser,MacBook,Credit Card,UPS,1,0
ORD001817,CUST00406,2025-02-23,Tools,143.06,0,0,Mobile App,Windows PC,Credit Card,FedEx,1,0
ORD001818,CUST00406,2025-06-06,Shoes,14.99,0,0,Mobile App,Windows PC,Crypto,OnTrac,1,0
ORD001819,CUST00406,2024-09-19,Sports,91.16,1,0,Web Browser,iPhone,Debit Card,FedEx,1,1
ORD001820,CUST00406,2025-02-06,Electronics,87.71,0,0,Mobile App,Windows PC,Credit Card,FedEx,1,0
ORD001821,CUST00406,2025-07-03,Home & Kitchen,288.42,1,0,Tablet App,Android,Credit Card,UPS,1,0
ORD001822,CUST00406,2024-04-15,Electronics,5.0,1,0,Tablet App,iPad,PayPal,DHL,1,0
ORD001823,CUST00406,2024-04-15,Tools,201.84,1,0,Mobile App,MacBook,Debit Card,DHL,1,0
ORD001824,CUST00407,2024-07-20,Books,5.0,1,0,Web Browser,Android,Buy Now Pay Later,USPS,1,0
ORD001825,CUST00407,2024-02-07,Home & Kitchen,151.11,1,0,Tablet App,Windows PC,Buy Now Pay Later,FedEx,1,1
ORD001826,CUST00407,2024-04-14,Tools,115.13,1,0,Tablet App,MacBook,Crypto,OnTrac,0,0
ORD001827,CUST00407,2024-08-29,Jewelry,113.89,0,0,Mobile App,Android,Crypto,DHL,1,0
ORD001828,CUST00408,2025-07-26,Electronics,137.44,1,0,Tablet App,iPhone,Debit Card,FedEx,1,0
ORD001829,CUST00408,2024-09-21,Beauty,79.99,0,0,Tablet App,MacBook,PayPal,UPS,1,0
ORD001830,CUST00408,2025-04-20,Clothing,5.0,0,0,Mobile App,iPhone,Credit Card,UPS,1,0
ORD001831,CUST00408,2024-09-24,Home & Kitchen,43.53,0,0,Web Browser,iPad,Credit Card,FedEx,1,0
ORD001832,CUST00408,2024-01-24,Tools,45.43,1,0,Mobile App,MacBook,Debit Card,FedEx,1,0
ORD001833,CUST00409,2024-08-09,Jewelry,49.87,1,0,Web Browser,Windows PC,Crypto,DHL,0,0
ORD001834,CUST00409,2024-05-03,Clothing,131.57,0,0,Mobile App,MacBook,Gift Card,OnTrac,1,0
ORD001835,CUST00409,2024-08-20,Furniture,55.64,0,0,Tablet App,MacBook,Crypto,OnTrac,1,0
ORD001836,CUST00409,2025-04-05,Sports,18.04,0,0,Mobile App,MacBook,Gift Card,OnTrac,1,0
ORD001837,CUST00409,2024-05-23,Toys,60.83,1,0,Mobile App,Windows PC,Credit Card,UPS,1,0
ORD001838,CUST00409,2024-08-26,Books,238.43,0,0,Tablet App,Windows PC,Crypto,FedEx,1,0
ORD001839,CUST00410,2024-06-20,Jewelry,135.43,0,0,Web Browser,Windows PC,Credit Card,FedEx,1,0
ORD001840,CUST00410,2024-05-06,Clothing,251.96,0,0,Tablet App,iPhone,Credit Card,USPS,1,0
ORD001841,CUST00410,2024-06-14,Shoes,138.3,0,0,Tablet App,MacBook,Gift Card,USPS,1,0
ORD001842,CUST00410,2025-05-14,Beauty,172.18,0,0,Mobile App,iPhone,Debit Card,USPS,1,0
ORD001843,CUST00410,2024-03-29,Furniture,5.0,0,0,Tablet App,iPhone,Gift Card,OnTrac,0,0
ORD001844,CUST00410,2025-03-08,Books,111.91,1,0,Web Browser,iPad,Debit Card,USPS,1,1
ORD001845,CUST00411,2024-06-11,Sports,124.19,0,0,Tablet App,MacBook,Debit Card,FedEx,1,0
ORD001846,CUST00411,2024-08-17,Electronics,179.72,0,0,Tablet App,iPad,Crypto,OnTrac,1,0
ORD001847,CUST00411,2024-05-10,Tools,5.0,1,0,Mobile App,Windows PC,Credit Card,OnTrac,1,0
ORD001848,CUST00412,2025-03-11,Shoes,39.5,1,0,Web Browser,MacBook,PayPal,USPS,1,0
ORD001849,CUST00412,2024-08-30,Grocery,28.41,0,0,Tablet App,Windows PC,PayPal,OnTrac,1,0
ORD001850,CUST00412,2024-11-14,Books,18.24,0,0,Web Browser,Android,Buy Now Pay Later,DHL,1,0
ORD001851,CUST00412,2025-07-06,Electronics,146.18,0,0,Mobile App,MacBook,Credit Card,UPS,1,0
ORD001852,CUST00413,2024-11-29,Tools,268.05,0,0,Web Browser,Android,Debit Card,DHL,1,0
ORD001853,CUST00413,2025-06-21,Tools,268.75,0,0,Web Browser,Android,PayPal,UPS,1,0
ORD001854,CUST00413,2025-04-30,Jewelry,30.71,1,0,Tablet App,MacBook,Buy Now Pay Later,DHL,1,0
ORD001855,CUST00413,2025-07-13,Books,34.14,1,0,Mobile App,iPad,Crypto,OnTrac,1,0
ORD001856,CUST00413,2025-02-06,Toys,5.0,0,0,Web Browser,Android,Debit Card,UPS,1,0
ORD001857,CUST00413,2025-06-18,Electronics,240.31,1,0,Tablet App,MacBook,Debit Card,DHL,1,0
ORD001858,CUST00413,2024-07-16,Jewelry,96.55,0,0,Mobile App,MacBook,Debit Card,DHL,1,0
ORD001859,CUST00414,2025-06-06,Tools,194.22,0,0,Mobile App,MacBook,Crypto,OnTrac,0,0
ORD001860,CUST00414,2025-06-02,Electronics,111.04,1,0,Mobile App,Windows PC,Credit Card,UPS,1,0
ORD001861,CUST00414,2024-01-15,Jewelry,39.75,0,0,Web Browser,iPad,Buy Now Pay Later,OnTrac,1,0
ORD001862,CUST00414,2025-04-20,Beauty,144.01,0,0,Mobile App,Android,Buy Now Pay Later,UPS,1,1
ORD001863,CUST00414,2024-07-03,Shoes,77.21,0,0,Mobile App,Android,Buy Now Pay Later,DHL,0,0
ORD001864,CUST00414,2024-11-18,Jewelry,230.72,0,0,Tablet App,Android,PayPal,UPS,1,0
ORD001865,CUST00414,2024-11-26,Beauty,93.14,1,0,Tablet App,Windows PC,Crypto,FedEx,1,0
ORD001866,CUST00414,2024-11-14,Beauty,93.8,0,0,Mobile App,iPhone,PayPal,FedEx,0,0
ORD001867,CUST00414,2024-03-29,Tools,146.96,1,0,Tablet App,MacBook,Buy Now Pay Later,FedEx,0,0
ORD001868,CUST00415,2025-08-11,Home & Kitchen,205.75,0,0,Tablet App,MacBook,Credit Card,UPS,1,0
ORD001869,CUST00415,2025-02-08,Jewelry,7.45,1,0,Web Browser,iPad,Credit Card,OnTrac,1,0
ORD001870,CUST00415,2025-01-10,Grocery,119.11,1,0,Tablet App,MacBook,Debit Card,UPS,1,0
ORD001871,CUST00415,2024-11-17,Shoes,179.65,0,0,Mobile App,Android,Debit Card,OnTrac,1,0
ORD001872,CUST00415,2025-04-18,Sports,139.68,0,0,Web Browser,iPhone,Credit Card,UPS,1,0
ORD001873,CUST00415,2024-08-23,Tools,94.31,1,0,Tablet App,iPad,Debit Card,UPS,1,0
ORD001874,CUST00415,2024-01-13,Toys,219.85,0,0,Mobile App,iPad,Gift Card,FedEx,1,0
ORD001875,CUST00416,2024-11-28,Jewelry,194.01,1,0,Mobile App,iPhone,PayPal,OnTrac,0,0
ORD001876,CUST00416,2025-05-11,Grocery,44.17,0,0,Tablet App,MacBook,Debit Card,USPS,1,0
ORD001877,CUST00416,2025-07-10,Sports,48.16,0,0,Web Browser,MacBook,Credit Card,DHL,1,0
ORD001878,CUST00416,2024-09-17,Electronics,141.57,0,0,Web Browser,iPhone,Credit Card,FedEx,1,0
ORD001879,CUST00416,2025-02-18,Toys,169.41,0,0,Mobile App,Windows PC,Debit Card,DHL,1,0
ORD001880,CUST00416,2025-05-28,Sports,20.07,1,0,Web Browser,Windows PC,Crypto,FedEx,1,0
ORD001881,CUST00417,2025-08-12,Home & Kitchen,5.0,0,0,Mobile App,iPad,Debit Card,UPS,1,0
ORD001882,CUST00417,2024-06-15,Sports,133.73,0,0,Web Browser,iPad,Buy Now Pay Later,OnTrac,1,0
ORD001883,CUST00417,2024-01-14,Tools,113.83,1,0,Tablet App,Android,Crypto,USPS,1,0
ORD001884,CUST00418,2024-11-13,Jewelry,111.19,1,0,Tablet App,iPhone,PayPal,USPS,1,1
ORD001885,CUST00418,2024-06-19,Furniture,301.21,0,1,Mobile App,iPad,Debit Card,USPS,1,0
ORD001886,CUST00418,2024-11-13,Sports,161.91,0,0,Web Browser,Windows PC,Buy Now Pay Later,UPS,1,0
ORD001887,CUST00418,2024-02-24,Toys,39.97,1,0,Mobile App,Android,Gift Card,USPS,1,0
ORD001888,CUST00418,2024-08-31,Books,148.68,0,0,Mobile App,iPhone,Gift Card,FedEx,1,0
ORD001889,CUST00418,2024-12-06,Furniture,5.0,1,0,Mobile App,Android,PayPal,FedEx,1,0
ORD001890,CUST00419,2025-03-27,Furniture,253.21,1,0,Mobile App,iPhone,Credit Card,OnTrac,1,0
ORD001891,CUST00419,2025-08-05,Shoes,102.5,0,0,Tablet App,Android,Gift Card,FedEx,1,0
ORD001892,CUST00419,2025-01-25,Toys,149.78,1,0,Mobile App,iPhone,PayPal,FedEx,1,1
ORD001893,CUST00419,2025-05-02,Sports,23.65,1,0,Mobile App,iPad,Credit Card,DHL,1,0
ORD001894,CUST00419,2025-04-02,Jewelry,197.33,0,0,Tablet App,MacBook,Debit Card,DHL,0,0
ORD001895,CUST00420,2025-01-14,Clothing,26.06,0,0,Mobile App,Windows PC,PayPal,USPS,1,0
ORD001896,CUST00420,2025-01-06,Books,169.9,0,0,Mobile App,Windows PC,Buy Now Pay Later,OnTrac,1,0
ORD001897,CUST00420,2024-01-02,Home & Kitchen,138.61,0,0,Mobile App,iPhone,Credit Card,DHL,1,0
ORD001898,CUST00421,2024-06-23,Electronics,36.47,1,0,Tablet App,iPhone,Credit Card,USPS,1,0
ORD001899,CUST00421,2025-08-08,Books,5.0,0,0,Web Browser,iPhone,Debit Card,OnTrac,1,0
ORD001900,CUST00421,2024-06-22,Clothing,134.6,0,0,Mobile App,Windows PC,Credit Card,USPS,1,0
ORD001901,CUST00422,2025-02-20,Clothing,27.32,0,0,Tablet App,MacBook,PayPal,USPS,1,0
ORD001902,CUST00422,2024-11-15,Tools,6.77,1,0,Mobile App,iPhone,Credit Card,USPS,1,0
ORD001903,CUST00422,2024-01-27,Shoes,211.57,1,0,Tablet App,iPhone,Gift Card,OnTrac,1,0
ORD001904,CUST00423,2024-01-09,Clothing,187.88,0,0,Web Browser,Android,Buy Now Pay Later,FedEx,1,0
ORD001905,CUST00423,2025-01-31,Electronics,104.22,1,0,Web Browser,Windows PC,Crypto,UPS,1,0
ORD001906,CUST00423,2024-05-22,Jewelry,102.89,0,0,Mobile App,iPhone,Gift Card,USPS,1,0
ORD001907,CUST00423,2024-10-18,Books,121.26,1,0,Web Browser,iPad,Debit Card,USPS,1,0
ORD001908,CUST00423,2025-08-19,Jewelry,162.95,0,0,Mobile App,Windows PC,PayPal,UPS,1,0
ORD001909,CUST00424,2024-05-17,Furniture,15.19,0,0,Tablet App,iPad,Gift Card,OnTrac,1,0
ORD001910,CUST00424,2025-03-16,Sports,235.25,1,0,Web Browser,MacBook,Debit Card,OnTrac,0,0
ORD001911,CUST00424,2024-05-07,Grocery,177.47,0,0,Mobile App,MacBook,PayPal,OnTrac,1,0
ORD001912,CUST00424,2025-02-07,Shoes,5.0,1,0,Tablet App,Windows PC,Crypto,USPS,1,0
ORD001913,CUST00424,2025-05-07,Shoes,186.63,0,0,Web Browser,iPad,Crypto,DHL,1,0
ORD001914,CUST00424,2025-02-27,Electronics,315.73,0,1,Mobile App,iPhone,Credit Card,FedEx,1,0
ORD001915,CUST00424,2024-12-17,Tools,153.89,1,0,Web Browser,Android,PayPal,USPS,1,0
ORD001916,CUST00425,2025-08-02,Tools,109.36,1,0,Web Browser,Android,Gift Card,UPS,1,0
ORD001917,CUST00425,2024-02-02,Sports,119.6,1,0,Web Browser,Android,Debit Card,OnTrac,1,0
ORD001918,CUST00426,2025-02-16,Shoes,9.22,0,0,Web Browser,iPhone,Credit Card,OnTrac,1,0
ORD001919,CUST00426,2025-03-19,Tools,59.03,0,0,Tablet App,MacBook,Credit Card,OnTrac,0,0
ORD001920,CUST00427,2024-08-07,Clothing,161.39,0,0,Tablet App,Android,PayPal,USPS,1,0
ORD001921,CUST00427,2024-10-14,Grocery,86.26,0,0,Mobile App,MacBook,Credit Card,FedEx,1,0
ORD001922,CUST00427,2024-03-18,Toys,97.14,1,0,Tablet App,iPad,Debit Card,USPS,1,0
ORD001923,CUST00427,2024-10-30,Books,5.0,0,0,Mobile App,MacBook,Credit Card,UPS,1,0
ORD001924,CUST00427,2025-06-26,Shoes,90.7,0,0,Tablet App,Android,Credit Card,UPS,1,0
ORD001925,CUST00427,2025-07-30,Beauty,133.29,1,0,Tablet App,iPhone,Crypto,UPS,1,0
ORD001926,CUST00428,2025-03-03,Books,199.71,0,0,Mobile App,MacBook,Buy Now Pay Later,OnTrac,1,0
ORD001927,CUST00428,2024-08-11,Toys,219.72,1,0,Tablet App,Windows PC,Buy Now Pay Later,USPS,1,0
ORD001928,CUST00428,2024-01-21,Electronics,36.61,0,0,Mobile App,iPad,Debit Card,USPS,1,0
ORD001929,CUST00428,2024-05-13,Toys,5.0,1,0,Mobile App,iPad,Gift Card,DHL,1,0
ORD001930,CUST00428,2025-04-28,Shoes,291.37,1,0,Web Browser,iPad,Debit Card,FedEx,1,0
ORD001931,CUST00428,2024-11-09,Tools,5.0,0,0,Tablet App,Android,Crypto,OnTrac,1,0
ORD001932,CUST00428,2024-03-20,Books,221.66,0,0,Web Browser,iPad,PayPal,UPS,1,1
ORD001933,CUST00428,2025-04-19,Home & Kitchen,185.55,0,0,Mobile App,MacBook,PayPal,USPS,1,0
ORD001934,CUST00429,2024-01-02,Books,149.4,0,0,Tablet App,Android,Credit Card,UPS,1,0
ORD001935,CUST00429,2024-10-21,Furniture,147.01,1,0,Mobile App,iPad,Credit Card,UPS,1,0
ORD001936,CUST00429,2024-06-03,Beauty,34.57,1,0,Web Browser,iPad,Gift Card,USPS,0,0
ORD001937,CUST00429,2024-11-16,Shoes,244.04,1,0,Mobile App,Android,Buy Now Pay Later,FedEx,1,0
ORD001938,CUST00429,2024-03-08,Toys,326.1,0,1,Tablet App,MacBook,Gift Card,UPS,1,0
ORD001939,CUST00430,2024-06-24,Jewelry,148.24,0,0,Tablet App,Android,Crypto,OnTrac,0,0
ORD001940,CUST00430,2024-12-25,Tools,127.06,1,0,Web Browser,iPad,Crypto,UPS,1,0
ORD001941,CUST00430,2025-03-18,Books,152.37,1,0,Tablet App,iPad,PayPal,OnTrac,1,0
ORD001942,CUST00430,2024-12-28,Toys,204.61,0,0,Web Browser,iPad,Debit Card,FedEx,1,0
ORD001943,CUST00431,2024-06-20,Books,23.99,1,0,Tablet App,Windows PC,Credit Card,UPS,1,0
ORD001944,CUST00431,2025-07-16,Books,74.59,0,0,Mobile App,Windows PC,Crypto,DHL,1,0
ORD001945,CUST00431,2024-04-29,Books,94.66,1,0,Web Browser,Android,Credit Card,OnTrac,1,0
ORD001946,CUST00431,2024-02-28,Electronics,127.24,1,0,Mobile App,MacBook,Buy Now Pay Later,FedEx,1,0
ORD001947,CUST00432,2025-06-17,Grocery,153.81,0,0,Mobile App,MacBook,Debit Card,FedEx,1,0
ORD001948,CUST00432,2024-11-08,Furniture,226.92,1,0,Mobile App,Android,Gift Card,UPS,1,0
ORD001949,CUST00432,2024-04-21,Home & Kitchen,169.79,0,0,Web Browser,Android,Debit Card,FedEx,1,0
ORD001950,CUST00433,2024-12-07,Clothing,72.43,1,0,Mobile App,iPad,PayPal,DHL,0,0
ORD001951,CUST00433,2024-03-26,Electronics,5.0,0,0,Mobile App,Windows PC,PayPal,DHL,1,0
ORD001952,CUST00433,2024-10-20,Sports,189.83,0,0,Web Browser,iPad,Buy Now Pay Later,DHL,1,0
ORD001953,CUST00433,2024-07-31,Sports,5.0,1,0,Tablet App,iPhone,Gift Card,FedEx,1,1
ORD001954,CUST00434,2024-08-02,Tools,5.0,0,0,Web Browser,Android,Buy Now Pay Later,FedEx,0,0
ORD001955,CUST00434,2024-02-22,Clothing,56.49,0,0,Web Browser,iPhone,Crypto,USPS,1,0
ORD001956,CUST00434,2025-04-21,Books,125.59,0,0,Tablet App,MacBook,PayPal,USPS,0,1
ORD001957,CUST00434,2024-06-03,Furniture,5.0,0,0,Tablet App,MacBook,Debit Card,UPS,0,1
ORD001958,CUST00434,2025-02-20,Clothing,5.0,0,0,Mobile App,Windows PC,Crypto,FedEx,0,1
ORD001959,CUST00434,2024-08-23,Electronics,147.09,1,0,Tablet App,Windows PC,Crypto,DHL,1,0
ORD001960,CUST00435,2024-01-17,Furniture,99.61,1,0,Mobile App,Android,PayPal,FedEx,1,0
ORD001961,CUST00435,2024-10-14,Shoes,211.19,1,0,Mobile App,iPhone,Buy Now Pay Later,OnTrac,1,0
ORD001962,CUST00435,2024-06-28,Grocery,296.56,0,0,Web Browser,Windows PC,Credit Card,FedEx,1,0
ORD001963,CUST00435,2025-04-14,Electronics,5.0,0,0,Mobile App,Android,Credit Card,USPS,1,0
ORD001964,CUST00436,2024-05-08,Clothing,7.93,1,0,Web Browser,Windows PC,Debit Card,UPS,1,0
ORD001965,CUST00436,2024-01-24,Jewelry,25.57,0,0,Tablet App,MacBook,Credit Card,DHL,1,0
ORD001966,CUST00436,2024-06-25,Beauty,219.27,0,0,Web Browser,Windows PC,Crypto,DHL,1,0
ORD001967,CUST00436,2024-08-13,Sports,91.15,0,0,Web Browser,iPad,Buy Now Pay Later,OnTrac,1,0
ORD001968,CUST00436,2025-04-15,Shoes,199.76,1,0,Web Browser,Android,Crypto,UPS,1,0
ORD001969,CUST00436,2024-07-21,Electronics,149.29,0,0,Tablet App,iPad,Buy Now Pay Later,FedEx,1,0
ORD001970,CUST00437,2024-09-12,Grocery,161.44,0,0,Mobile App,iPad,Gift Card,OnTrac,1,0
ORD001971,CUST00437,2024-08-03,Furniture,182.7,0,0,Mobile App,iPhone,Buy Now Pay Later,OnTrac,1,0
ORD001972,CUST00437,2024-11-11,Electronics,197.36,1,0,Web Browser,iPhone,PayPal,UPS,1,0
ORD001973,CUST00437,2025-04-11,Home & Kitchen,156.86,0,0,Web Browser,Windows PC,Credit Card,FedEx,1,0
ORD001974,CUST00437,2024-06-06,Jewelry,234.87,1,0,Mobile App,Android,Crypto,USPS,1,0
ORD001975,CUST00438,2025-03-20,Grocery,28.11,0,0,Tablet App,iPhone,PayPal,USPS,1,0
ORD001976,CUST00438,2024-03-18,Toys,5.0,1,0,Web Browser,Android,Credit Card,DHL,1,0
ORD001977,CUST00439,2025-08-08,Toys,158.78,1,0,Tablet App,Android,Debit Card,USPS,1,0
ORD001978,CUST00439,2024-09-15,Books,5.0,1,0,Web Browser,iPhone,Crypto,FedEx,1,0
ORD001979,CUST00439,2024-03-29,Furniture,15.61,0,0,Tablet App,Windows PC,Debit Card,OnTrac,1,0
ORD001980,CUST00439,2025-07-28,Home & Kitchen,116.53,1,0,Tablet App,Android,PayPal,DHL,1,0
ORD001981,CUST00440,2024-09-16,Books,221.01,0,0,Tablet App,MacBook,Credit Card,USPS,1,0
ORD001982,CUST00440,2025-03-27,Clothing,93.82,0,0,Tablet App,Windows PC,Gift Card,FedEx,1,0
ORD001983,CUST00440,2024-10-25,Toys,110.55,1,0,Tablet App,Windows PC,Crypto,UPS,1,0
ORD001984,CUST00440,2025-07-11,Shoes,251.3,1,0,Tablet App,iPad,Debit Card,OnTrac,1,0
ORD001985,CUST00440,2024-11-20,Grocery,139.87,1,0,Web Browser,Windows PC,Debit Card,FedEx,1,0
ORD001986,CUST00441,2024-09-08,Toys,5.0,1,0,Mobile App,MacBook,Crypto,FedEx,1,0
ORD001987,CUST00441,2024-12-30,Beauty,5.0,0,0,Tablet App,Android,Buy Now Pay Later,DHL,1,0
ORD001988,CUST00441,2025-08-16,Books,84.33,0,0,Web Browser,MacBook,PayPal,UPS,1,0
ORD001989,CUST00441,2024-05-22,Beauty,112.02,0,0,Tablet App,iPhone,PayPal,UPS,1,0
ORD001990,CUST00441,2024-07-27,Beauty,156.38,0,0,Tablet App,Windows PC,Gift Card,UPS,1,0
ORD001991,CUST00442,2024-04-13,Beauty,165.76,1,0,Web Browser,iPhone,PayPal,OnTrac,1,0
ORD001992,CUST00442,2024-01-09,Books,96.85,0,0,Mobile App,MacBook,Buy Now Pay Later,OnTrac,1,0
ORD001993,CUST00442,2024-01-21,Jewelry,205.97,0,0,Tablet App,Windows PC,PayPal,OnTrac,1,0
ORD001994,CUST00442,2024-09-25,Sports,102.11,0,0,Tablet App,Windows PC,Gift Card,USPS,1,0
ORD001995,CUST00443,2025-05-05,Furniture,23.22,0,0,Tablet App,iPhone,Buy Now Pay Later,UPS,1,0
ORD001996,CUST00443,2024-07-14,Clothing,5.0,0,0,Web Browser,iPhone,Crypto,UPS,1,0
ORD001997,CUST00443,2024-03-31,Shoes,124.16,0,0,Tablet App,Windows PC,Credit Card,USPS,1,0
ORD001998,CUST00443,2025-02-01,Tools,80.34,0,0,Mobile App,iPhone,PayPal,OnTrac,1,0
ORD001999,CUST00443,2025-01-26,Shoes,179.78,1,0,Mobile App,iPhone,Buy Now Pay Later,USPS,1,0
ORD002000,CUST00444,2024-01-23,Clothing,77.33,1,0,Mobile App,Android,Gift Card,FedEx,1,1
ORD002001,CUST00444,2025-02-21,Electronics,39.39,0,0,Web Browser,Android,PayPal,OnTrac,1,0
ORD002002,CUST00444,2024-09-07,Clothing,141.21,1,0,Web Browser,iPad,Buy Now Pay Later,DHL,1,0
ORD002003,CUST00444,2024-05-22,Clothing,84.47,1,0,Web Browser,Windows PC,Credit Card,UPS,0,0
ORD002004,CUST00445,2024-02-02,Jewelry,132.76,0,0,Mobile App,iPad,Crypto,DHL,1,0
ORD002005,CUST00446,2024-07-08,Grocery,177.34,0,0,Web Browser,MacBook,Debit Card,USPS,1,0
ORD002006,CUST00446,2025-03-24,Books,223.53,0,0,Web Browser,Windows PC,Gift Card,USPS,1,0
ORD002007,CUST00446,2024-11-12,Grocery,5.0,0,0,Web Browser,Windows PC,Credit Card,USPS,1,0
ORD002008,CUST00447,2024-11-01,Jewelry,198.53,1,0,Mobile App,iPad,Credit Card,UPS,1,0
ORD002009,CUST00447,2024-07-04,Grocery,107.35,0,0,Mobile App,iPad,Buy Now Pay Later,DHL,1,0
ORD002010,CUST00447,2024-11-14,Clothing,15.38,1,0,Mobile App,MacBook,Crypto,FedEx,1,0
ORD002011,CUST00447,2024-01-03,Shoes,52.78,0,0,Web Browser,MacBook,Credit Card,OnTrac,1,0
ORD002012,CUST00448,2024-08-29,Books,201.85,1,0,Tablet App,Windows PC,PayPal,DHL,1,1
ORD002013,CUST00448,2024-04-02,Clothing,8.32,1,0,Tablet App,iPad,Debit Card,UPS,1,0
ORD002014,CUST00448,2025-05-02,Grocery,137.14,0,0,Tablet App,MacBook,Crypto,FedEx,1,0
ORD002015,CUST00448,2025-05-04,Jewelry,106.6,0,0,Mobile App,MacBook,Debit Card,DHL,1,0
ORD002016,CUST00449,2024-09-13,Furniture,74.12,1,0,Tablet App,MacBook,Buy Now Pay Later,OnTrac,1,0
ORD002017,CUST00449,2025-01-14,Jewelry,34.67,1,0,Tablet App,MacBook,Credit Card,UPS,1,0
ORD002018,CUST00449,2024-02-19,Grocery,124.45,1,0,Tablet App,Windows PC,Debit Card,FedEx,1,0
ORD002019,CUST00449,2025-04-29,Sports,235.52,1,0,Tablet App,iPhone,Buy Now Pay Later,UPS,1,0
ORD002020,CUST00449,2025-02-15,Beauty,234.53,0,0,Mobile App,Windows PC,Buy Now Pay Later,OnTrac,1,0
ORD002021,CUST00449,2024-06-12,Furniture,197.82,0,0,Mobile App,iPad,Gift Card,USPS,1,0
ORD002022,CUST00449,2025-03-22,Furniture,167.94,0,0,Mobile App,Android,Debit Card,FedEx,1,0
ORD002023,CUST00449,2024-05-27,Tools,123.51,1,0,Tablet App,Windows PC,PayPal,DHL,1,0
ORD002024,CUST00449,2025-07-22,Tools,44.08,0,0,Mobile App,iPad,Gift Card,DHL,1,0
ORD002025,CUST00449,2024-05-17,Sports,165.35,1,0,Mobile App,Windows PC,Crypto,FedEx,1,0
ORD002026,CUST00449,2025-01-03,Shoes,60.94,1,0,Tablet App,Android,PayPal,OnTrac,1,1
ORD002027,CUST00450,2025-03-09,Toys,235.86,0,0,Tablet App,Android,Crypto,OnTrac,1,0
ORD002028,CUST00450,2025-02-13,Sports,5.0,0,0,Mobile App,iPad,PayPal,FedEx,1,0
ORD002029,CUST00450,2024-03-18,Electronics,96.54,0,0,Tablet App,iPad,Credit Card,FedEx,1,0
ORD002030,CUST00450,2024-05-09,Sports,5.0,0,0,Web Browser,MacBook,Credit Card,USPS,1,0
ORD002031,CUST00450,2025-01-12,Furniture,128.52,0,0,Tablet App,iPad,Credit Card,FedEx,1,0
ORD002032,CUST00450,2024-02-02,Grocery,183.35,1,0,Web Browser,iPad,Debit Card,FedEx,1,0
ORD002033,CUST00450,2025-03-21,Home & Kitchen,218.38,0,0,Web Browser,iPhone,PayPal,DHL,1,0
ORD002034,CUST00451,2024-10-30,Shoes,5.0,1,0,Web Browser,MacBook,Gift Card,UPS,1,0
ORD002035,CUST00451,2025-06-21,Electronics,95.76,1,0,Web Browser,iPhone,Credit Card,OnTrac,1,1
ORD002036,CUST00451,2025-01-31,Grocery,82.05,1,0,Tablet App,iPhone,PayPal,UPS,1,0
ORD002037,CUST00451,2025-02-06,Home & Kitchen,45.87,1,0,Tablet App,Android,PayPal,DHL,1,0
ORD002038,CUST00451,2024-12-22,Grocery,110.42,1,0,Web Browser,Windows PC,Credit Card,OnTrac,1,0
ORD002039,CUST00451,2024-08-25,Jewelry,148.59,1,0,Mobile App,iPad,Debit Card,UPS,1,1
ORD002040,CUST00451,2024-01-21,Beauty,301.05,1,1,Tablet App,MacBook,Crypto,FedEx,1,0
ORD002041,CUST00451,2024-08-29,Electronics,307.59,0,1,Mobile App,MacBook,Crypto,FedEx,1,0
ORD002042,CUST00452,2024-07-18,Jewelry,53.65,1,0,Mobile App,iPhone,Gift Card,DHL,1,0
ORD002043,CUST00452,2024-11-29,Sports,41.02,0,0,Tablet App,Windows PC,Gift Card,UPS,1,0
ORD002044,CUST00452,2024-08-30,Shoes,154.18,1,0,Web Browser,MacBook,Gift Card,USPS,1,0
ORD002045,CUST00452,2024-12-06,Toys,79.94,0,0,Tablet App,Windows PC,Credit Card,USPS,1,0
ORD002046,CUST00452,2025-05-16,Shoes,244.92,0,0,Web Browser,Android,Crypto,DHL,1,0
ORD002047,CUST00452,2024-12-02,Furniture,12.11,0,0,Web Browser,iPad,Buy Now Pay Later,OnTrac,1,1
ORD002048,CUST00452,2025-05-18,Grocery,92.26,0,0,Mobile App,MacBook,Debit Card,DHL,1,0
ORD002049,CUST00452,2025-01-10,Toys,147.18,0,0,Tablet App,iPad,Credit Card,OnTrac,1,0
ORD002050,CUST00453,2024-02-22,Beauty,264.77,0,0,Mobile App,MacBook,PayPal,OnTrac,0,0
ORD002051,CUST00453,2024-02-22,Jewelry,81.82,0,0,Tablet App,MacBook,Buy Now Pay Later,USPS,0,0
ORD002052,CUST00453,2024-12-19,Clothing,157.87,0,0,Tablet App,Android,Credit Card,OnTrac,0,1
ORD002053,CUST00453,2025-05-26,Home & Kitchen,143.12,0,0,Web Browser,iPad,Gift Card,UPS,1,1
ORD002054,CUST00453,2025-02-24,Furniture,85.51,1,0,Mobile App,iPad,Credit Card,DHL,1,1
ORD002055,CUST00453,2024-08-04,Beauty,161.02,1,0,Web Browser,Android,PayPal,DHL,0,0
ORD002056,CUST00453,2025-07-09,Clothing,139.32,0,0,Tablet App,Windows PC,Crypto,DHL,1,1
ORD002057,CUST00453,2024-10-24,Shoes,102.8,0,0,Mobile App,MacBook,Crypto,FedEx,0,1
ORD002058,CUST00454,2025-06-17,Clothing,241.8,1,0,Web Browser,iPhone,PayPal,OnTrac,1,0
ORD002059,CUST00454,2024-12-29,Books,5.0,1,0,Web Browser,Android,Debit Card,USPS,1,0
ORD002060,CUST00455,2024-11-10,Sports,92.38,0,0,Tablet App,Windows PC,Gift Card,DHL,1,0
ORD002061,CUST00455,2025-02-25,Jewelry,153.76,0,0,Mobile App,iPad,Buy Now Pay Later,FedEx,1,0
ORD002062,CUST00455,2024-06-29,Furniture,222.23,0,0,Web Browser,iPhone,Credit Card,FedEx,1,0
ORD002063,CUST00455,2024-02-18,Books,172.42,0,0,Mobile App,Android,Credit Card,USPS,1,0
ORD002064,CUST00455,2024-03-30,Beauty,8.58,0,0,Web Browser,Windows PC,Credit Card,FedEx,1,0
ORD002065,CUST00455,2025-07-13,Jewelry,248.41,1,0,Web Browser,Windows PC,PayPal,USPS,1,0
ORD002066,CUST00455,2024-07-27,Toys,226.44,0,0,Mobile App,Android,PayPal,OnTrac,1,0
ORD002067,CUST00456,2025-01-05,Clothing,69.83,1,0,Tablet App,Windows PC,PayPal,DHL,1,0
ORD002068,CUST00456,2024-12-03,Home & Kitchen,30.62,0,0,Tablet App,iPad,Gift Card,UPS,1,1
ORD002069,CUST00456,2024-10-09,Furniture,66.18,1,0,Web Browser,Android,Crypto,OnTrac,1,1
ORD002070,CUST00456,2024-05-25,Sports,281.77,0,0,Mobile App,Windows PC,Buy Now Pay Later,USPS,1,0
ORD002071,CUST00456,2024-07-11,Sports,94.98,0,0,Mobile App,Windows PC,Crypto,OnTrac,1,0
ORD002072,CUST00456,2024-08-26,Furniture,127.49,0,0,Tablet App,Android,Crypto,USPS,1,0
ORD002073,CUST00457,2024-01-07,Sports,55.37,1,0,Tablet App,iPhone,Crypto,FedEx,1,0
ORD002074,CUST00457,2025-07-30,Shoes,167.4,0,0,Tablet App,Android,Credit Card,OnTrac,1,0
ORD002075,CUST00457,2024-09-10,Furniture,228.85,1,0,Mobile App,MacBook,Crypto,USPS,1,0
ORD002076,CUST00457,2024-04-05,Tools,26.62,0,0,Mobile App,MacBook,Crypto,OnTrac,1,0
ORD002077,CUST00457,2025-08-06,Clothing,132.78,0,0,Tablet App,Android,Credit Card,USPS,1,0
ORD002078,CUST00457,2024-06-22,Clothing,219.65,0,0,Mobile App,iPhone,Buy Now Pay Later,UPS,1,0
ORD002079,CUST00458,2025-08-12,Shoes,103.99,0,0,Mobile App,iPhone,PayPal,UPS,0,1
ORD002080,CUST00458,2024-03-14,Jewelry,135.62,0,0,Tablet App,MacBook,Buy Now Pay Later,OnTrac,0,1
ORD002081,CUST00458,2024-06-15,Sports,317.72,0,1,Mobile App,Windows PC,Buy Now Pay Later,USPS,1,0
ORD002082,CUST00458,2025-06-03,Beauty,121.98,1,0,Mobile App,Windows PC,Buy Now Pay Later,UPS,0,0
ORD002083,CUST00458,2025-05-05,Clothing,77.35,1,0,Mobile App,Android,Crypto,DHL,1,1
ORD002084,CUST00458,2024-12-18,Clothing,183.96,1,0,Tablet App,MacBook,Crypto,DHL,1,1
ORD002085,CUST00458,2024-11-18,Electronics,233.19,0,0,Tablet App,iPhone,Buy Now Pay Later,OnTrac,1,0
ORD002086,CUST00458,2024-09-24,Electronics,172.5,0,0,Tablet App,MacBook,Gift Card,USPS,0,1
ORD002087,CUST00458,2025-07-22,Toys,110.89,1,0,Tablet App,Windows PC,PayPal,OnTrac,0,1
ORD002088,CUST00459,2024-02-29,Books,195.42,0,0,Web Browser,MacBook,Credit Card,FedEx,1,0
ORD002089,CUST00459,2025-04-25,Jewelry,236.41,1,0,Mobile App,iPad,Buy Now Pay Later,UPS,1,0
ORD002090,CUST00460,2024-12-24,Electronics,59.09,1,0,Mobile App,Android,PayPal,FedEx,1,0
ORD002091,CUST00461,2025-07-26,Books,5.0,0,0,Web Browser,Android,Crypto,USPS,1,0
ORD002092,CUST00461,2024-09-07,Home & Kitchen,57.49,1,0,Web Browser,iPad,Credit Card,DHL,1,0
ORD002093,CUST00461,2025-05-17,Books,220.88,1,0,Mobile App,Android,Buy Now Pay Later,USPS,1,0
ORD002094,CUST00461,2024-03-21,Toys,156.98,0,0,Web Browser,MacBook,PayPal,USPS,1,0
ORD002095,CUST00462,2024-12-19,Tools,182.86,0,0,Web Browser,iPhone,Crypto,USPS,0,0
ORD002096,CUST00462,2025-06-06,Sports,195.16,1,0,Mobile App,iPad,Buy Now Pay Later,USPS,1,0
ORD002097,CUST00463,2025-07-24,Tools,176.68,0,0,Web Browser,iPad,Credit Card,DHL,0,0
ORD002098,CUST00463,2025-01-25,Tools,49.98,1,0,Web Browser,iPad,Gift Card,UPS,1,0
ORD002099,CUST00463,2024-09-11,Tools,176.44,0,0,Mobile App,iPad,PayPal,OnTrac,1,0
ORD002100,CUST00464,2025-06-04,Tools,170.54,1,0,Mobile App,iPad,Credit Card,OnTrac,1,0
ORD002101,CUST00464,2024-03-06,Jewelry,213.32,0,0,Web Browser,iPad,Buy Now Pay Later,UPS,1,0
ORD002102,CUST00464,2024-07-06,Toys,239.94,1,0,Tablet App,MacBook,Crypto,FedEx,1,0
ORD002103,CUST00464,2024-04-04,Beauty,261.69,1,0,Tablet App,iPhone,Buy Now Pay Later,OnTrac,1,0
ORD002104,CUST00464,2024-11-23,Furniture,129.83,0,0,Mobile App,Android,Gift Card,FedEx,1,0
ORD002105,CUST00464,2025-02-06,Shoes,37.95,1,0,Tablet App,Android,Credit Card,FedEx,1,0
ORD002106,CUST00465,2025-08-07,Grocery,138.34,1,0,Web Browser,Android,Gift Card,USPS,1,0
ORD002107,CUST00465,2024-01-12,Sports,50.02,0,0,Mobile App,Windows PC,PayPal,FedEx,1,0
ORD002108,CUST00465,2025-01-03,Home & Kitchen,132.18,1,0,Tablet App,Android,Crypto,OnTrac,1,0
ORD002109,CUST00465,2025-08-17,Toys,33.5,0,0,Web Browser,iPad,PayPal,USPS,1,0
ORD002110,CUST00465,2025-05-24,Tools,95.13,1,0,Tablet App,iPhone,PayPal,USPS,1,0
ORD002111,CUST00465,2025-02-27,Home & Kitchen,128.77,0,0,Tablet App,MacBook,Buy Now Pay Later,USPS,1,0
ORD002112,CUST00465,2025-08-10,Beauty,69.14,0,0,Mobile App,Windows PC,Debit Card,UPS,1,0
ORD002113,CUST00465,2024-03-20,Grocery,105.36,1,0,Web Browser,Windows PC,PayPal,DHL,1,0
ORD002114,CUST00465,2025-04-24,Tools,202.68,1,0,Mobile App,Windows PC,Debit Card,USPS,1,0
ORD002115,CUST00465,2024-06-18,Jewelry,266.8,1,0,Tablet App,Windows PC,PayPal,USPS,1,0
ORD002116,CUST00466,2024-05-19,Jewelry,53.5,0,0,Tablet App,iPad,Debit Card,OnTrac,1,0
ORD002117,CUST00466,2024-12-30,Tools,113.69,0,0,Web Browser,Android,PayPal,USPS,1,0
ORD002118,CUST00466,2024-04-17,Electronics,138.19,0,0,Tablet App,MacBook,Buy Now Pay Later,UPS,1,0
ORD002119,CUST00466,2024-08-07,Beauty,170.72,1,0,Web Browser,Windows PC,Debit Card,FedEx,1,0
ORD002120,CUST00466,2024-06-12,Tools,64.0,1,0,Tablet App,Android,Crypto,USPS,1,0
ORD002121,CUST00466,2024-10-14,Tools,177.56,1,0,Web Browser,Windows PC,PayPal,OnTrac,1,0
ORD002122,CUST00467,2024-03-04,Electronics,53.85,1,0,Tablet App,Windows PC,Credit Card,FedEx,1,0
ORD002123,CUST00467,2025-01-29,Shoes,120.13,0,0,Web Browser,Windows PC,Debit Card,FedEx,1,0
ORD002124,CUST00467,2025-08-09,Electronics,5.0,0,0,Mobile App,Windows PC,Credit Card,FedEx,1,0
ORD002125,CUST00467,2025-08-13,Books,160.81,1,0,Tablet App,MacBook,Gift Card,USPS,1,0
ORD002126,CUST00467,2025-06-02,Home & Kitchen,60.86,0,0,Tablet App,iPad,Debit Card,DHL,1,0
ORD002127,CUST00468,2024-10-08,Furniture,38.78,0,0,Tablet App,Windows PC,Crypto,OnTrac,1,0
ORD002128,CUST00468,2024-04-25,Toys,41.76,0,0,Tablet App,Android,Buy Now Pay Later,USPS,1,1
ORD002129,CUST00468,2024-07-26,Clothing,193.22,0,0,Tablet App,Android,Buy Now Pay Later,DHL,1,0
ORD002130,CUST00468,2025-01-26,Toys,45.56,1,0,Web Browser,Windows PC,Gift Card,UPS,1,0
ORD002131,CUST00469,2024-11-19,Grocery,193.84,0,0,Web Browser,Windows PC,Crypto,UPS,0,1
ORD002132,CUST00469,2024-09-25,Books,43.99,0,0,Tablet App,iPad,Crypto,FedEx,0,1
ORD002133,CUST00469,2025-01-13,Books,98.25,1,0,Tablet App,MacBook,Credit Card,FedEx,0,1
ORD002134,CUST00470,2025-01-31,Furniture,163.08,1,0,Mobile App,Windows PC,Buy Now Pay Later,DHL,1,0
ORD002135,CUST00470,2025-08-06,Furniture,184.11,0,0,Mobile App,MacBook,Crypto,USPS,0,0
ORD002136,CUST00470,2024-01-08,Electronics,23.89,0,0,Web Browser,Android,Gift Card,DHL,1,0
ORD002137,CUST00470,2025-04-19,Home & Kitchen,244.03,0,0,Tablet App,Windows PC,Buy Now Pay Later,OnTrac,1,0
ORD002138,CUST00470,2024-08-13,Electronics,193.49,1,0,Web Browser,iPhone,Buy Now Pay Later,OnTrac,0,0
ORD002139,CUST00470,2024-01-26,Tools,142.02,1,0,Web Browser,Windows PC,Buy Now Pay Later,FedEx,1,0
ORD002140,CUST00470,2025-05-09,Jewelry,41.32,0,0,Tablet App,iPad,Crypto,DHL,1,0
ORD002141,CUST00470,2025-03-31,Beauty,91.78,0,0,Tablet App,MacBook,Crypto,DHL,1,0
ORD002142,CUST00470,2025-06-14,Furniture,244.88,1,0,Mobile App,Android,Gift Card,FedEx,1,1
ORD002143,CUST00471,2024-11-25,Tools,69.94,1,0,Web Browser,Android,PayPal,USPS,1,0
ORD002144,CUST00471,2025-03-27,Electronics,34.4,1,0,Mobile App,iPhone,Gift Card,USPS,1,0
ORD002145,CUST00472,2024-11-01,Toys,213.89,1,0,Tablet App,Android,Buy Now Pay Later,DHL,1,0
ORD002146,CUST00472,2025-07-21,Home & Kitchen,70.72,0,0,Tablet App,Windows PC,Debit Card,OnTrac,1,0
ORD002147,CUST00472,2024-09-02,Books,150.05,0,0,Web Browser,iPad,Crypto,USPS,1,0
ORD002148,CUST00472,2025-06-26,Toys,187.72,1,0,Mobile App,iPad,Debit Card,UPS,1,0
ORD002149,CUST00473,2024-12-18,Jewelry,123.71,0,0,Web Browser,Windows PC,Credit Card,USPS,1,0
ORD002150,CUST00473,2025-05-26,Jewelry,289.21,1,0,Web Browser,MacBook,Crypto,FedEx,0,0
ORD002151,CUST00473,2025-05-01,Tools,215.44,0,0,Web Browser,iPhone,Gift Card,FedEx,1,0
ORD002152,CUST00473,2024-08-14,Grocery,20.93,1,0,Mobile App,iPhone,Crypto,DHL,1,0
ORD002153,CUST00473,2025-06-28,Tools,151.26,0,0,Tablet App,Android,Debit Card,FedEx,1,0
ORD002154,CUST00473,2024-05-18,Tools,64.88,0,0,Mobile App,iPhone,Credit Card,DHL,1,0
ORD002155,CUST00474,2024-01-07,Toys,179.44,1,0,Web Browser,Windows PC,Debit Card,DHL,1,1
ORD002156,CUST00474,2024-05-01,Electronics,238.91,0,0,Web Browser,iPad,PayPal,USPS,1,0
ORD002157,CUST00474,2025-05-12,Clothing,54.81,0,0,Mobile App,MacBook,Credit Card,FedEx,1,0
ORD002158,CUST00474,2024-03-31,Grocery,195.1,1,0,Mobile App,Android,Credit Card,DHL,1,0
ORD002159,CUST00474,2024-12-14,Beauty,5.0,1,0,Web Browser,Windows PC,PayPal,UPS,1,0
ORD002160,CUST00474,2025-06-16,Jewelry,94.51,1,0,Tablet App,iPad,Debit Card,FedEx,1,0
ORD002161,CUST00474,2024-03-17,Books,213.46,0,0,Mobile App,iPad,Gift Card,DHL,1,1
ORD002162,CUST00475,2024-03-13,Clothing,143.79,1,0,Mobile App,iPhone,Gift Card,USPS,1,1
ORD002163,CUST00475,2025-06-04,Jewelry,114.16,1,0,Tablet App,Windows PC,Buy Now Pay Later,DHL,1,0
ORD002164,CUST00475,2025-05-18,Grocery,58.6,0,0,Tablet App,Android,Gift Card,OnTrac,1,0
ORD002165,CUST00475,2024-02-13,Shoes,74.78,1,0,Mobile App,Windows PC,Credit Card,UPS,1,0
ORD002166,CUST00476,2025-05-08,Tools,75.65,0,0,Web Browser,MacBook,Credit Card,OnTrac,1,0
ORD002167,CUST00476,2024-04-06,Sports,135.08,1,0,Tablet App,iPhone,Credit Card,USPS,1,0
ORD002168,CUST00476,2025-05-11,Home & Kitchen,86.51,1,0,Web Browser,Windows PC,Gift Card,DHL,1,0
ORD002169,CUST00476,2024-04-07,Grocery,5.0,0,0,Mobile App,iPad,Crypto,USPS,0,0
ORD002170,CUST00476,2024-10-13,Beauty,105.07,0,0,Mobile App,iPhone,Gift Card,DHL,1,0
ORD002171,CUST00477,2024-08-29,Books,126.46,1,0,Tablet App,MacBook,Gift Card,DHL,1,0
ORD002172,CUST00477,2024-03-11,Beauty,191.84,1,0,Mobile App,Android,Crypto,OnTrac,0,1
ORD002173,CUST00477,2025-08-03,Electronics,78.6,0,0,Mobile App,iPad,Crypto,DHL,1,0
ORD002174,CUST00477,2024-11-16,Furniture,191.8,0,0,Mobile App,Android,Crypto,FedEx,0,0
ORD002175,CUST00477,2024-03-09,Beauty,121.37,1,0,Mobile App,iPad,PayPal,UPS,0,0
ORD002176,CUST00477,2024-07-14,Sports,107.61,0,0,Tablet App,iPhone,Crypto,DHL,0,0
ORD002177,CUST00477,2024-08-01,Beauty,104.67,0,0,Tablet App,Android,Debit Card,OnTrac,0,0
ORD002178,CUST00478,2024-08-06,Home & Kitchen,5.79,0,0,Web Browser,iPad,Gift Card,OnTrac,1,0
ORD002179,CUST00478,2024-04-22,Clothing,277.23,0,0,Web Browser,Android,Buy Now Pay Later,USPS,0,0
ORD002180,CUST00478,2025-07-29,Jewelry,94.03,1,0,Web Browser,iPhone,Credit Card,OnTrac,1,0
ORD002181,CUST00479,2025-06-11,Clothing,194.01,1,0,Mobile App,Android,PayPal,USPS,1,0
ORD002182,CUST00479,2024-09-25,Grocery,203.62,1,0,Tablet App,MacBook,Crypto,USPS,1,0
ORD002183,CUST00479,2025-04-28,Sports,38.3,0,0,Mobile App,Android,Debit Card,DHL,0,0
ORD002184,CUST00479,2025-03-28,Books,27.98,0,0,Tablet App,iPhone,Debit Card,USPS,1,0
ORD002185,CUST00480,2024-10-15,Sports,118.29,1,0,Mobile App,Android,Debit Card,DHL,1,0
ORD002186,CUST00480,2025-07-02,Books,5.0,0,0,Tablet App,Windows PC,Buy Now Pay Later,DHL,1,0
ORD002187,CUST00480,2024-04-07,Shoes,160.76,0,0,Mobile App,MacBook,Crypto,USPS,1,0
ORD002188,CUST00480,2025-04-20,Beauty,70.84,1,0,Tablet App,iPad,Gift Card,OnTrac,1,0
ORD002189,CUST00480,2024-07-31,Grocery,291.61,0,0,Web Browser,MacBook,Debit Card,USPS,1,0
ORD002190,CUST00480,2025-01-03,Toys,231.47,0,0,Tablet App,iPhone,Debit Card,USPS,0,0
ORD002191,CUST00481,2025-08-22,Beauty,221.38,0,0,Web Browser,Android,Credit Card,OnTrac,1,0
ORD002192,CUST00481,2025-01-11,Clothing,19.18,0,0,Web Browser,Windows PC,Credit Card,UPS,1,0
ORD002193,CUST00481,2025-07-29,Furniture,173.91,0,0,Web Browser,Windows PC,Gift Card,DHL,1,0
ORD002194,CUST00481,2024-01-25,Home & Kitchen,175.65,0,0,Tablet App,Android,Crypto,DHL,0,0
ORD002195,CUST00481,2024-06-03,Home & Kitchen,5.0,1,0,Tablet App,Windows PC,Crypto,OnTrac,0,0
ORD002196,CUST00482,2024-02-27,Electronics,350.65,0,1,Mobile App,Android,Debit Card,OnTrac,1,0
ORD002197,CUST00482,2024-08-07,Jewelry,114.46,1,0,Web Browser,iPhone,Crypto,DHL,1,0
ORD002198,CUST00482,2024-04-27,Jewelry,62.91,1,0,Mobile App,iPad,Crypto,DHL,1,0
ORD002199,CUST00482,2025-03-13,Tools,89.56,1,0,Mobile App,iPad,Crypto,FedEx,1,0
ORD002200,CUST00482,2025-04-14,Clothing,151.84,0,0,Tablet App,Windows PC,Gift Card,DHL,1,0
ORD002201,CUST00482,2025-01-12,Tools,127.64,0,0,Mobile App,Android,Debit Card,FedEx,1,0
ORD002202,CUST00482,2024-10-31,Jewelry,176.2,1,0,Web Browser,Windows PC,Credit Card,USPS,1,0
ORD002203,CUST00483,2025-05-22,Electronics,194.53,0,0,Web Browser,iPad,Credit Card,DHL,1,0
ORD002204,CUST00483,2025-07-01,Clothing,91.83,0,0,Mobile App,MacBook,Buy Now Pay Later,FedEx,1,0
ORD002205,CUST00483,2024-04-07,Clothing,144.07,0,0,Tablet App,iPad,PayPal,DHL,1,0
ORD002206,CUST00483,2024-12-22,Shoes,116.32,1,0,Web Browser,Android,Buy Now Pay Later,USPS,0,0
ORD002207,CUST00483,2024-08-28,Furniture,123.63,0,0,Web Browser,iPhone,Credit Card,DHL,1,0
ORD002208,CUST00483,2024-11-24,Toys,125.26,1,0,Web Browser,MacBook,Buy Now Pay Later,FedEx,1,0
ORD002209,CUST00484,2025-05-27,Books,148.34,1,0,Mobile App,iPhone,Credit Card,USPS,0,0
ORD002210,CUST00484,2025-07-02,Tools,211.42,1,0,Tablet App,Android,PayPal,DHL,1,1
ORD002211,CUST00484,2024-11-21,Tools,10.06,0,0,Tablet App,iPad,Gift Card,USPS,1,0
ORD002212,CUST00484,2025-01-28,Shoes,159.66,0,0,Tablet App,Windows PC,PayPal,FedEx,1,0
ORD002213,CUST00484,2024-10-28,Furniture,112.15,0,0,Web Browser,iPhone,Buy Now Pay Later,FedEx,0,1
ORD002214,CUST00484,2025-03-08,Jewelry,254.95,0,0,Tablet App,Android,Buy Now Pay Later,UPS,1,0
ORD002215,CUST00485,2024-03-11,Furniture,184.45,1,0,Tablet App,iPad,Buy Now Pay Later,FedEx,1,0
ORD002216,CUST00485,2025-04-13,Grocery,111.54,1,0,Mobile App,Android,Crypto,USPS,1,0
ORD002217,CUST00485,2024-10-01,Jewelry,38.19,0,0,Web Browser,iPhone,Crypto,OnTrac,1,0
ORD002218,CUST00485,2025-07-26,Shoes,73.76,1,0,Tablet App,MacBook,PayPal,UPS,1,0
ORD002219,CUST00485,2024-05-13,Home & Kitchen,66.52,1,0,Mobile App,Windows PC,Buy Now Pay Later,FedEx,1,0
ORD002220,CUST00486,2025-07-29,Sports,40.55,1,0,Web Browser,iPhone,Gift Card,FedEx,1,0
ORD002221,CUST00486,2025-07-17,Beauty,214.94,0,0,Mobile App,iPhone,PayPal,OnTrac,1,0
ORD002222,CUST00486,2024-11-14,Sports,168.07,0,0,Tablet App,iPad,Buy Now Pay Later,FedEx,1,0
ORD002223,CUST00486,2024-05-26,Tools,76.5,1,0,Mobile App,Android,Buy Now Pay Later,USPS,1,0
ORD002224,CUST00486,2024-01-07,Beauty,201.39,0,0,Mobile App,Windows PC,Buy Now Pay Later,UPS,1,0
ORD002225,CUST00487,2025-01-12,Jewelry,146.02,1,0,Tablet App,MacBook,Crypto,USPS,0,0
ORD002226,CUST00487,2025-01-14,Home & Kitchen,153.41,1,0,Mobile App,Windows PC,Gift Card,UPS,1,0
ORD002227,CUST00487,2025-08-16,Electronics,114.29,1,0,Mobile App,Windows PC,PayPal,USPS,1,0
ORD002228,CUST00487,2024-07-30,Toys,256.12,1,0,Tablet App,Android,Debit Card,DHL,1,0
ORD002229,CUST00487,2024-12-12,Sports,12.41,1,0,Web Browser,iPad,Debit Card,USPS,1,0
ORD002230,CUST00487,2024-04-21,Shoes,5.0,0,0,Mobile App,iPhone,Crypto,USPS,1,0
ORD002231,CUST00487,2024-09-24,Toys,302.15,1,1,Mobile App,MacBook,Buy Now Pay Later,OnTrac,1,0
ORD002232,CUST00487,2025-02-10,Grocery,93.1,1,0,Mobile App,iPad,Debit Card,OnTrac,1,0
ORD002233,CUST00487,2025-04-28,Books,115.24,1,0,Tablet App,iPhone,Gift Card,OnTrac,1,0
ORD002234,CUST00487,2024-09-09,Toys,127.24,1,0,Web Browser,iPad,Crypto,USPS,1,0
ORD002235,CUST00487,2025-05-29,Clothing,152.68,1,0,Mobile App,iPad,PayPal,UPS,1,0
ORD002236,CUST00487,2025-05-26,Shoes,132.42,0,0,Tablet App,iPad,Crypto,FedEx,1,0
ORD002237,CUST00488,2024-03-06,Books,203.92,0,0,Mobile App,MacBook,Gift Card,DHL,1,0
ORD002238,CUST00488,2025-07-17,Jewelry,84.58,1,0,Mobile App,Android,Crypto,OnTrac,1,0
ORD002239,CUST00488,2024-03-17,Furniture,134.43,0,0,Mobile App,MacBook,Crypto,UPS,1,0
ORD002240,CUST00488,2024-03-08,Home & Kitchen,176.1,0,0,Mobile App,Windows PC,Gift Card,DHL,1,0
ORD002241,CUST00488,2025-03-10,Electronics,88.41,0,0,Tablet App,Windows PC,PayPal,FedEx,1,0
ORD002242,CUST00489,2024-05-20,Tools,63.21,0,0,Tablet App,MacBook,Buy Now Pay Later,USPS,1,0
ORD002243,CUST00489,2024-01-05,Furniture,165.41,0,0,Mobile App,iPad,Buy Now Pay Later,DHL,1,0
ORD002244,CUST00490,2025-04-21,Toys,203.01,1,0,Mobile App,Android,PayPal,UPS,1,0
ORD002245,CUST00490,2024-12-24,Sports,146.22,1,0,Mobile App,Android,Gift Card,FedEx,1,0
ORD002246,CUST00490,2024-06-11,Shoes,16.67,0,0,Web Browser,MacBook,Buy Now Pay Later,FedEx,1,0
ORD002247,CUST00490,2024-11-05,Tools,195.48,1,0,Tablet App,MacBook,Crypto,USPS,1,0
ORD002248,CUST00490,2024-06-14,Jewelry,328.08,1,1,Mobile App,MacBook,Buy Now Pay Later,UPS,1,0
ORD002249,CUST00490,2025-05-12,Tools,30.03,0,0,Mobile App,iPhone,Gift Card,USPS,1,0
ORD002250,CUST00490,2025-02-25,Books,177.88,0,0,Mobile App,MacBook,Gift Card,DHL,1,0
ORD002251,CUST00491,2024-06-20,Clothing,64.48,0,0,Mobile App,Windows PC,Gift Card,USPS,1,0
ORD002252,CUST00491,2024-12-27,Clothing,198.42,0,0,Web Browser,Android,PayPal,FedEx,1,0
ORD002253,CUST00491,2024-11-14,Books,175.09,0,0,Mobile App,Windows PC,Buy Now Pay Later,UPS,0,0
ORD002254,CUST00491,2024-06-15,Electronics,132.9,0,0,Web Browser,Android,Debit Card,USPS,1,0
ORD002255,CUST00492,2024-11-15,Electronics,49.18,1,0,Tablet App,Android,Gift Card,FedEx,1,0
ORD002256,CUST00493,2025-07-31,Grocery,164.48,0,0,Web Browser,Android,Debit Card,FedEx,1,0
ORD002257,CUST00493,2024-05-06,Books,194.82,1,0,Web Browser,MacBook,Debit Card,UPS,1,0
ORD002258,CUST00493,2024-08-31,Toys,265.45,1,0,Tablet App,Android,PayPal,USPS,1,0
ORD002259,CUST00494,2024-07-19,Shoes,5.0,0,0,Tablet App,iPad,PayPal,OnTrac,1,0
ORD002260,CUST00494,2025-01-23,Toys,197.06,0,0,Tablet App,Windows PC,Buy Now Pay Later,FedEx,1,0
ORD002261,CUST00494,2024-04-23,Beauty,93.35,1,0,Web Browser,iPhone,Buy Now Pay Later,DHL,1,0
ORD002262,CUST00494,2024-07-13,Beauty,72.34,0,0,Tablet App,iPad,PayPal,DHL,1,0
ORD002263,CUST00494,2024-04-12,Sports,50.34,0,0,Mobile App,MacBook,Buy Now Pay Later,OnTrac,1,0
ORD002264,CUST00494,2024-01-19,Books,104.33,1,0,Mobile App,Windows PC,Gift Card,UPS,1,0
ORD002265,CUST00494,2025-03-14,Sports,274.47,0,0,Mobile App,Android,Crypto,FedEx,1,0
ORD002266,CUST00495,2024-12-19,Beauty,247.06,0,0,Mobile App,Windows PC,Crypto,DHL,1,0
ORD002267,CUST00495,2025-08-05,Tools,163.94,0,0,Mobile App,MacBook,PayPal,OnTrac,1,0
ORD002268,CUST00496,2025-06-08,Grocery,145.42,0,0,Web Browser,MacBook,PayPal,DHL,1,0
ORD002269,CUST00496,2025-03-18,Tools,191.88,0,0,Web Browser,Android,Crypto,UPS,1,0
ORD002270,CUST00496,2025-07-13,Shoes,50.72,1,0,Mobile App,iPhone,PayPal,OnTrac,1,0
ORD002271,CUST00496,2025-06-01,Electronics,163.97,0,0,Web Browser,Android,Crypto,OnTrac,1,0
ORD002272,CUST00496,2025-04-04,Sports,130.78,1,0,Mobile App,Android,Debit Card,FedEx,1,0
ORD002273,CUST00497,2025-06-11,Sports,273.05,0,0,Mobile App,MacBook,Crypto,FedEx,1,0
ORD002274,CUST00497,2024-05-26,Clothing,231.07,0,0,Mobile App,Windows PC,Credit Card,UPS,1,0
ORD002275,CUST00497,2024-01-24,Electronics,67.33,0,0,Tablet App,Windows PC,PayPal,USPS,1,0
ORD002276,CUST00497,2024-07-18,Shoes,238.76,0,0,Mobile App,iPad,Crypto,DHL,0,0
ORD002277,CUST00497,2025-07-23,Furniture,70.59,0,0,Mobile App,iPhone,Credit Card,DHL,1,0
ORD002278,CUST00498,2025-05-04,Beauty,29.81,0,0,Mobile App,iPhone,Gift Card,USPS,1,0
ORD002279,CUST00498,2024-02-25,Grocery,165.61,1,0,Tablet App,iPad,Debit Card,OnTrac,1,0
ORD002280,CUST00499,2024-11-12,Beauty,171.92,1,0,Web Browser,MacBook,Credit Card,UPS,1,0
ORD002281,CUST00499,2025-01-03,Tools,142.35,0,0,Web Browser,iPad,Credit Card,UPS,1,0
ORD002282,CUST00499,2025-03-27,Toys,91.11,0,0,Mobile App,iPhone,PayPal,UPS,1,0
ORD002283,CUST00499,2024-05-21,Furniture,110.95,1,0,Web Browser,iPad,Credit Card,FedEx,1,0
ORD002284,CUST00500,2024-09-12,Tools,267.8,1,0,Tablet App,MacBook,Gift Card,DHL,1,0
ORD002285,CUST00500,2025-03-16,Jewelry,240.42,0,0,Web Browser,Android,Buy Now Pay Later,OnTrac,1,0
ORD002286,CUST00500,2024-09-30,Furniture,7.54,0,0,Mobile App,iPhone,Credit Card,OnTrac,1,0
ORD002287,CUST00500,2024-02-15,Sports,229.68,1,0,Web Browser,Windows PC,PayPal,OnTrac,1,0
ORD002288,CUST00500,2024-06-24,Jewelry,65.35,1,0,Mobile App,Windows PC,Crypto,FedEx,1,0
